player,year,age,team,league,war,games,plate_appearances,at_bats,runs,hits,doubles,triples,home_runs,runs_batted_in,stolen_bases,caught_stealing,walks,strikeouts,batting_average,on_base_percentage,slugging_percentage,on_base_plus_slugging,on_base_plus_slugging_plus,runs_above_base_average,rbat_plus,total_bases,double_plays,hit_by_puitch,sacrifice_bunts,sacrifice_flies,intentional_walks
Marcell Ozuna,2020,29,ATL,NL,2.8,60,267,228,38,77,14,0,18,56,0,0,38,60,0.338,0.431,0.636,1.067,177.0,0.444,175.0,145,3,0,0,1,3
Francisco Lindor#,2020,26,CLE,AL,1.3,60,266,236,30,61,13,0,8,27,6,2,24,41,0.258,0.335,0.415,0.75,104.0,0.329,101.0,98,8,4,0,2,2
Cavan Biggio*,2020,25,TOR,AL,2.2,59,265,220,41,55,16,0,8,28,6,0,41,61,0.25,0.375,0.432,0.807,122.0,0.37,128.0,95,2,3,0,0,0
Whit Merrifield,2020,31,KCR,AL,0.7,60,265,248,38,70,12,0,9,30,12,3,12,33,0.282,0.325,0.44,0.764,105.0,0.344,107.0,109,3,4,0,1,0
Dansby Swanson,2020,26,ATL,NL,2.8,60,264,237,49,65,15,0,10,35,5,0,22,71,0.274,0.345,0.464,0.809,111.0,0.364,115.0,110,0,4,0,1,0
José Abreu,2020,33,CHW,AL,2.7,60,262,240,43,76,15,0,19,60,0,0,18,59,0.317,0.37,0.617,0.987,165.0,0.421,168.0,148,10,3,0,1,1
Freddie Freeman*,2020,30,ATL,NL,3.3,60,262,214,51,73,23,1,13,53,2,0,45,37,0.341,0.462,0.64,1.102,187.0,0.466,190.0,137,6,3,0,0,7
César Hernández#,2020,30,CLE,AL,1.7,58,261,233,35,66,20,0,3,20,0,0,24,57,0.283,0.355,0.408,0.763,109.0,0.337,108.0,95,3,2,1,0,0
Trevor Story,2020,27,COL,NL,2.5,59,259,235,41,68,13,4,11,28,15,3,24,63,0.289,0.355,0.519,0.874,120.0,0.384,120.0,122,5,0,0,0,1
Trea Turner,2020,27,WSN,NL,2.8,59,259,233,46,78,15,4,12,41,12,4,22,36,0.335,0.394,0.588,0.982,162.0,0.421,162.0,137,5,2,0,2,0
Fernando Tatis Jr.,2020,21,SDP,NL,2.8,59,257,224,50,62,11,2,17,45,11,3,27,61,0.277,0.366,0.571,0.937,156.0,0.395,150.0,128,6,5,0,1,1
Carlos Santana#,2020,34,CLE,AL,1.0,60,255,206,34,41,7,0,8,30,0,0,47,43,0.199,0.349,0.35,0.699,93.0,0.32,96.0,72,5,1,0,1,1
Manny Machado,2020,27,SDP,NL,3.0,60,254,224,44,68,12,1,16,47,6,3,26,37,0.304,0.37,0.58,0.95,160.0,0.397,155.0,130,9,0,0,4,4
José Ramírez#,2020,27,CLE,AL,2.5,58,254,219,45,64,16,1,17,46,10,3,31,43,0.292,0.386,0.607,0.993,167.0,0.426,168.0,133,2,3,0,1,0
Trent Grisham*,2020,23,SDP,NL,2.5,59,252,215,42,54,8,3,10,26,10,1,31,64,0.251,0.352,0.456,0.808,123.0,0.359,123.0,98,1,3,1,1,0
Starling Marte,2020,31,2TM,NL,1.6,61,250,228,36,64,14,1,6,27,10,2,12,41,0.281,0.34,0.43,0.77,107.0,0.352,112.0,98,5,9,0,1,1
Starling Marte,2020,31,ARI,NL,1.1,33,138,122,23,38,8,1,2,14,5,2,10,19,0.311,0.384,0.443,0.827,124.0,0.365,125.0,54,3,5,0,1,1
Starling Marte,2020,31,MIA,NL,0.5,28,112,106,13,26,6,0,4,13,5,0,2,22,0.245,0.286,0.415,0.701,86.0,0.335,97.0,44,2,4,0,0,0
Rafael Devers*,2020,23,BOS,AL,0.8,57,248,232,32,61,16,1,11,43,0,0,13,67,0.263,0.31,0.483,0.793,107.0,0.34,104.0,112,8,3,0,0,0
Max Muncy*,2020,29,LAD,NL,0.5,58,248,203,36,39,4,0,12,27,1,0,39,60,0.192,0.331,0.389,0.72,95.0,0.316,91.0,79,3,4,0,2,2
Kyle Seager*,2020,32,SEA,AL,1.2,60,248,203,35,49,12,0,9,40,5,0,32,33,0.241,0.355,0.433,0.788,121.0,0.343,115.0,88,4,7,0,6,3
Charlie Blackmon*,2020,33,COL,NL,1.0,59,247,221,31,67,12,1,6,42,2,1,19,44,0.303,0.356,0.448,0.804,104.0,0.351,103.0,99,4,2,0,5,4
Christian Yelich*,2020,28,MIL,NL,0.5,58,247,200,39,41,7,1,12,22,4,2,46,76,0.205,0.356,0.43,0.786,110.0,0.35,113.0,86,4,1,0,0,2
Mookie Betts,2020,27,LAD,NL,3.7,55,246,219,47,64,9,1,16,39,10,2,24,38,0.292,0.366,0.562,0.927,147.0,0.417,158.0,123,2,2,0,1,1
Keston Hiura,2020,23,MIL,NL,-0.3,59,246,217,30,46,4,0,13,32,3,2,16,85,0.212,0.297,0.41,0.707,87.0,0.311,86.0,89,7,11,0,2,2
Matt Olson*,2020,26,OAK,AL,1.3,60,245,210,28,41,4,1,14,42,1,0,34,77,0.195,0.31,0.424,0.734,103.0,0.331,109.0,89,2,1,0,0,2
Bryce Harper*,2020,27,PHI,NL,1.9,58,244,190,41,51,9,2,13,33,8,2,49,43,0.268,0.42,0.542,0.962,158.0,0.408,154.0,103,5,2,1,2,8
Cody Bellinger*,2020,24,LAD,NL,1.5,56,243,213,33,51,10,0,12,30,6,1,30,42,0.239,0.333,0.455,0.789,112.0,0.34,106.0,97,4,0,0,0,2
Mark Canha,2020,31,OAK,AL,1.5,59,243,191,32,47,12,2,5,33,4,0,37,54,0.246,0.387,0.408,0.795,124.0,0.363,129.0,78,2,10,0,5,1
Maikel Franco,2020,27,KCR,AL,1.1,60,243,223,23,62,16,0,8,38,1,0,16,38,0.278,0.321,0.457,0.778,108.0,0.338,105.0,102,4,0,0,4,1
Vladimir Guerrero Jr.,2020,21,TOR,AL,0.7,60,243,221,34,58,13,2,9,33,1,0,20,38,0.262,0.329,0.462,0.791,115.0,0.351,118.0,102,6,2,0,0,1
Anthony Rizzo*,2020,30,CHC,NL,1.0,58,243,203,26,45,6,0,11,24,3,1,28,38,0.222,0.342,0.414,0.755,103.0,0.344,110.0,84,6,10,0,2,4
Christian Walker,2020,29,ARI,NL,0.9,57,243,218,35,59,18,1,7,34,1,1,19,50,0.271,0.333,0.459,0.792,112.0,0.344,112.0,100,6,3,0,3,0
Nick Castellanos,2020,28,CIN,NL,0.0,60,242,218,37,49,11,2,14,34,0,2,19,69,0.225,0.298,0.486,0.784,100.0,0.331,96.0,106,5,4,0,1,1
Kyle Lewis,2020,24,SEA,AL,1.6,58,242,206,37,54,3,0,11,28,5,1,34,71,0.262,0.364,0.437,0.801,124.0,0.355,125.0,90,5,0,0,2,0
Andrew McCutchen,2020,33,PHI,NL,-0.1,57,241,217,32,55,9,0,10,34,4,0,22,48,0.253,0.324,0.433,0.757,102.0,0.338,103.0,94,4,1,0,1,0
Franmil Reyes,2020,24,CLE,AL,0.4,59,241,211,27,58,10,0,9,34,0,0,24,69,0.275,0.344,0.45,0.795,116.0,0.344,113.0,95,6,1,0,5,0
Mike Trout,2020,28,LAA,AL,1.8,53,241,199,41,56,9,2,17,46,1,1,35,56,0.281,0.39,0.603,0.993,167.0,0.414,163.0,120,1,3,0,4,4
Pete Alonso,2020,25,NYM,NL,0.1,57,239,208,31,48,6,0,16,35,1,0,24,61,0.231,0.326,0.49,0.817,122.0,0.342,114.0,102,4,6,0,1,4
Didi Gregorius*,2020,30,PHI,NL,1.1,60,237,215,34,61,10,2,10,40,3,2,15,28,0.284,0.339,0.488,0.827,120.0,0.345,112.0,105,4,4,1,2,3
J.D. Martinez,2020,32,BOS,AL,-0.7,54,237,211,22,45,16,0,7,27,1,0,22,59,0.213,0.291,0.389,0.68,79.0,0.299,74.0,82,6,2,0,2,3
Marcus Semien,2020,29,OAK,AL,0.4,53,236,211,28,47,9,1,7,23,4,0,25,50,0.223,0.305,0.374,0.679,89.0,0.309,91.0,79,3,0,0,0,0
Javier Báez,2020,27,CHC,NL,0.7,59,235,222,27,45,9,1,8,24,3,0,7,75,0.203,0.238,0.36,0.599,59.0,0.278,62.0,80,8,4,0,2,0
Luke Voit,2020,29,NYY,AL,1.7,56,234,213,41,59,5,0,22,52,0,0,17,54,0.277,0.338,0.61,0.948,157.0,0.405,160.0,130,4,3,0,1,0
Michael Conforto*,2020,27,NYM,NL,2.1,54,233,202,40,65,12,0,9,31,3,3,24,57,0.322,0.412,0.515,0.927,154.0,0.41,164.0,104,6,7,0,0,0
Adalberto Mondesí#,2020,24,KCR,AL,1.3,59,233,219,33,56,11,3,6,22,24,8,11,70,0.256,0.294,0.416,0.71,90.0,0.319,88.0,91,4,1,2,0,0
Nick Solak,2020,25,TEX,AL,-1.1,58,233,209,27,56,10,0,2,23,7,1,18,42,0.268,0.326,0.344,0.671,86.0,0.304,84.0,72,6,2,0,4,0
J.P. Crawford*,2020,25,SEA,AL,1.6,53,232,204,33,52,7,2,2,24,6,3,23,39,0.255,0.336,0.338,0.674,91.0,0.31,96.0,69,4,3,0,2,0
Anthony Rendon,2020,30,LAA,AL,2.2,52,232,189,29,54,11,1,9,31,0,0,38,31,0.286,0.418,0.497,0.915,150.0,0.399,152.0,94,10,5,0,0,2
Corey Seager*,2020,26,LAD,NL,2.0,52,232,212,38,65,12,1,15,41,1,0,17,37,0.307,0.358,0.585,0.943,150.0,0.402,150.0,124,8,1,0,2,0
Hanser Alberto,2020,27,BAL,AL,0.7,54,231,219,35,62,15,0,3,22,3,0,5,30,0.283,0.306,0.393,0.698,88.0,0.315,89.0,86,6,3,2,2,0
Miguel Cabrera,2020,37,DET,AL,0.1,57,231,204,28,51,4,0,10,35,1,0,24,51,0.25,0.329,0.417,0.746,104.0,0.325,100.0,85,3,1,0,2,1
Paul Goldschmidt,2020,32,STL,NL,2.0,58,231,191,31,58,13,0,6,21,1,0,37,43,0.304,0.417,0.466,0.883,145.0,0.387,146.0,89,4,1,0,1,0
Randal Grichuk,2020,28,TOR,AL,0.4,55,231,216,38,59,9,0,12,35,1,1,13,49,0.273,0.312,0.481,0.793,114.0,0.338,111.0,104,5,0,0,2,1
Ian Happ#,2020,25,CHC,NL,1.3,57,231,198,27,51,11,1,12,28,1,3,30,63,0.258,0.361,0.505,0.866,131.0,0.371,133.0,100,1,2,1,0,1
Yoán Moncada#,2020,25,CHW,AL,0.6,52,231,200,28,45,8,3,6,24,0,0,28,72,0.225,0.32,0.385,0.705,94.0,0.311,91.0,77,1,1,0,2,0
Eddie Rosario*,2020,28,MIN,AL,1.2,57,231,210,31,54,7,0,13,42,3,1,19,34,0.257,0.316,0.476,0.792,116.0,0.342,115.0,100,3,0,0,2,2
Eugenio Suárez,2020,28,CIN,NL,0.5,57,231,198,29,40,8,0,15,38,2,0,30,67,0.202,0.312,0.47,0.781,100.0,0.346,102.0,93,5,2,0,1,1
David Fletcher,2020,26,LAA,AL,1.9,49,230,207,31,66,13,0,3,18,2,1,20,25,0.319,0.376,0.425,0.801,120.0,0.352,119.0,88,4,0,1,2,0
Adam Frazier*,2020,28,PIT,NL,0.8,58,230,209,22,48,7,0,7,23,1,3,17,35,0.23,0.297,0.364,0.661,79.0,0.289,78.0,76,3,3,1,0,0
Yuli Gurriel,2020,36,HOU,AL,-0.1,57,230,211,27,49,12,1,6,22,0,1,12,27,0.232,0.274,0.384,0.658,77.0,0.287,74.0,81,6,2,0,5,0
Brian Anderson,2020,27,MIA,NL,1.8,59,229,200,27,51,7,1,11,38,0,0,22,66,0.255,0.345,0.465,0.81,116.0,0.357,119.0,93,2,6,0,1,1
J.D. Davis,2020,27,NYM,NL,0.0,56,229,190,26,47,9,0,6,19,0,0,31,56,0.247,0.371,0.389,0.761,111.0,0.342,114.0,74,8,7,0,1,1
Kole Calhoun*,2020,32,ARI,NL,1.4,54,228,190,35,43,9,0,16,40,1,1,28,50,0.226,0.338,0.526,0.864,130.0,0.369,130.0,100,6,6,0,4,0
Isiah Kiner-Falefa,2020,25,TEX,AL,2.1,58,228,211,28,59,4,3,3,10,8,5,14,32,0.28,0.329,0.37,0.699,93.0,0.319,99.0,78,6,2,0,1,0
Kyle Tucker*,2020,23,HOU,AL,1.9,58,228,209,33,56,12,6,9,42,8,1,18,46,0.268,0.325,0.512,0.837,124.0,0.367,124.0,107,2,0,0,1,2
Tommy La Stella*,2020,31,2TM,AL,0.9,55,228,196,31,55,14,2,5,25,1,0,27,12,0.281,0.37,0.449,0.819,126.0,0.361,127.0,88,6,2,1,2,0
Tommy La Stella*,2020,31,LAA,AL,0.4,28,117,99,15,27,8,0,4,14,1,0,15,7,0.273,0.371,0.475,0.845,130.0,0.375,133.0,47,3,1,1,1,0
Tommy La Stella*,2020,31,OAK,AL,0.6,27,111,97,16,28,6,2,1,11,0,0,12,5,0.289,0.369,0.423,0.792,122.0,0.347,120.0,41,3,1,0,1,0
Tommy Edman#,2020,25,STL,NL,1.1,55,227,204,29,51,7,1,5,26,2,4,16,48,0.25,0.317,0.368,0.685,90.0,0.302,92.0,75,5,5,0,2,0
Luis Robert Jr.,2020,22,CHW,AL,1.9,56,227,202,33,47,8,0,11,31,9,2,20,73,0.233,0.302,0.436,0.738,100.0,0.322,95.0,88,4,1,0,2,0
Joey Gallo*,2020,26,TEX,AL,1.6,57,226,193,23,35,8,0,10,26,2,0,29,79,0.181,0.301,0.378,0.679,87.0,0.302,84.0,73,0,4,0,0,2
Eloy Jiménez,2020,23,CHW,AL,1.4,55,226,213,26,63,14,0,14,41,0,0,12,56,0.296,0.332,0.559,0.891,139.0,0.383,141.0,119,4,0,0,1,0
Jorge Polanco#,2020,26,MIN,AL,0.0,55,226,209,22,54,8,0,4,19,4,2,13,35,0.258,0.304,0.354,0.658,82.0,0.292,80.0,74,7,1,2,1,0
Xander Bogaerts,2020,27,BOS,AL,1.2,56,225,203,36,61,8,0,11,28,8,0,21,41,0.3,0.364,0.502,0.867,128.0,0.374,122.0,102,3,0,0,1,2
Willson Contreras,2020,28,CHC,NL,1.0,57,225,189,37,46,10,0,7,26,1,2,20,57,0.243,0.356,0.407,0.763,106.0,0.337,108.0,77,6,14,0,2,1
Brandon Nimmo*,2020,27,NYM,NL,1.7,55,225,186,33,52,8,3,8,18,1,2,33,43,0.28,0.404,0.484,0.888,145.0,0.383,145.0,90,1,6,0,0,0
Mike Yastrzemski*,2020,29,SFG,NL,2.7,54,225,192,39,57,14,4,10,35,2,1,30,55,0.297,0.4,0.568,0.968,164.0,0.419,168.0,109,2,3,0,0,2
Lourdes Gurriel Jr.,2020,26,TOR,AL,1.1,57,224,208,28,64,14,0,11,33,3,1,14,48,0.308,0.348,0.534,0.882,138.0,0.389,145.0,111,7,0,0,2,0
Brandon Lowe*,2020,25,TBR,AL,2.4,56,224,193,36,52,9,2,14,37,3,0,25,58,0.269,0.362,0.554,0.916,154.0,0.387,148.0,107,2,4,0,2,0
Kyle Schwarber*,2020,27,CHC,NL,0.1,59,224,191,30,36,6,0,11,24,1,0,30,66,0.188,0.308,0.393,0.701,88.0,0.316,90.0,75,3,3,0,0,1
Josh Bell#,2020,27,PIT,NL,-0.5,57,223,195,22,44,3,0,8,22,0,0,22,59,0.226,0.305,0.364,0.669,82.0,0.29,74.0,71,3,2,0,4,4
Joey Votto*,2020,36,CIN,NL,0.1,54,223,186,32,42,8,0,11,22,0,0,37,43,0.226,0.354,0.446,0.8,107.0,0.352,107.0,83,5,0,0,0,1
Kevin Pillar,2020,31,2TM,2LG,0.9,54,223,208,34,60,12,3,6,26,5,2,13,41,0.288,0.336,0.462,0.798,106.0,0.35,106.0,96,4,2,0,0,1
Kevin Pillar,2020,31,BOS,AL,0.7,30,126,117,20,32,7,2,4,13,1,1,8,23,0.274,0.325,0.47,0.795,109.0,0.351,113.0,55,4,1,0,0,0
Kevin Pillar,2020,31,COL,NL,0.2,24,97,91,14,28,5,1,2,13,4,1,5,18,0.308,0.351,0.451,0.801,103.0,0.349,98.0,41,0,1,0,0,1
Eduardo Escobar#,2020,31,ARI,NL,-0.4,54,222,203,22,43,7,3,4,20,1,0,15,41,0.212,0.27,0.335,0.605,63.0,0.258,50.0,68,5,2,0,2,4
Ramón Laureano,2020,25,OAK,AL,1.4,54,222,183,27,39,8,1,6,25,2,1,24,58,0.213,0.338,0.366,0.704,98.0,0.316,99.0,67,7,12,0,3,0
George Springer,2020,30,HOU,AL,2.2,51,222,189,37,50,6,2,14,32,1,2,24,38,0.265,0.359,0.54,0.899,141.0,0.387,145.0,102,3,5,0,2,0
Tim Anderson,2020,27,CHW,AL,2.5,49,221,208,45,67,11,1,10,21,5,2,10,50,0.322,0.357,0.529,0.886,140.0,0.382,140.0,110,4,2,0,1,0
Carlos Correa,2020,25,HOU,AL,1.6,58,221,201,22,53,9,0,5,25,0,0,16,49,0.264,0.326,0.383,0.709,93.0,0.324,98.0,77,4,3,0,1,2
Alex Verdugo*,2020,24,BOS,AL,2.2,53,221,201,36,62,16,0,6,15,4,0,17,45,0.308,0.367,0.478,0.844,123.0,0.373,124.0,96,4,2,0,1,1
Wil Myers,2020,29,SDP,NL,1.9,55,218,198,34,57,14,2,15,40,2,1,18,56,0.288,0.353,0.606,0.959,160.0,0.402,158.0,120,0,2,0,0,0
David Peralta*,2020,32,ARI,NL,0.7,54,218,203,19,61,10,1,5,34,1,0,13,45,0.3,0.339,0.433,0.773,108.0,0.334,103.0,88,4,0,0,2,0
Nick Ahmed,2020,30,ARI,NL,1.6,57,217,199,29,53,10,1,5,29,4,0,18,46,0.266,0.327,0.402,0.729,97.0,0.329,98.0,80,3,0,0,0,0
Jackie Bradley Jr.*,2020,30,BOS,AL,2.0,55,217,191,32,54,11,0,7,22,5,2,23,48,0.283,0.364,0.45,0.814,116.0,0.363,120.0,86,2,2,0,1,1
Jean Segura,2020,30,PHI,NL,1.4,54,217,192,28,51,5,2,7,25,2,2,23,45,0.266,0.347,0.422,0.769,107.0,0.336,107.0,81,6,1,1,0,2
Jesús Aguilar,2020,30,MIA,NL,0.5,51,216,188,31,52,10,0,8,34,0,1,23,40,0.277,0.352,0.457,0.809,117.0,0.35,116.0,86,5,1,0,4,0
DJ LeMahieu,2020,31,NYY,AL,3.0,50,216,195,41,71,10,2,10,27,3,0,18,21,0.364,0.421,0.59,1.011,178.0,0.441,182.0,115,3,2,0,1,0
Renato Núñez,2020,26,BAL,AL,0.6,52,216,195,29,50,10,0,12,31,0,0,17,64,0.256,0.324,0.492,0.816,118.0,0.352,116.0,96,4,3,0,1,0
Nelson Cruz,2020,39,MIN,AL,1.8,53,214,185,33,56,6,0,16,33,0,0,25,58,0.303,0.397,0.595,0.992,171.0,0.416,168.0,110,8,4,0,0,5
Chris Taylor,2020,29,LAD,NL,1.8,56,214,185,30,50,10,2,8,32,3,2,26,55,0.27,0.366,0.476,0.842,127.0,0.374,133.0,88,3,2,1,0,0
Asdrúbal Cabrera#,2020,34,WSN,NL,0.1,52,213,190,23,46,9,3,8,31,0,0,19,40,0.242,0.305,0.447,0.753,101.0,0.32,95.0,85,6,0,0,4,0
Wilmer Flores,2020,28,SFG,NL,1.2,55,213,198,30,53,11,1,12,32,1,0,13,36,0.268,0.315,0.515,0.83,124.0,0.352,120.0,102,5,1,0,1,1
Víctor Reyes#,2020,25,DET,AL,0.8,57,213,202,30,56,7,2,4,14,8,2,9,45,0.277,0.315,0.391,0.706,93.0,0.324,97.0,79,4,2,0,0,0
Aaron Hicks#,2020,30,NYY,AL,0.7,54,211,169,28,38,10,2,6,21,4,1,41,38,0.225,0.379,0.414,0.793,122.0,0.356,124.0,70,4,1,0,0,1
Jose Altuve,2020,30,HOU,AL,-0.3,48,210,192,32,42,9,0,5,18,2,3,17,39,0.219,0.286,0.344,0.629,71.0,0.284,74.0,66,5,1,0,0,0
Corey Dickerson*,2020,31,MIA,NL,0.2,52,210,194,25,50,5,1,7,17,1,1,15,35,0.258,0.311,0.402,0.713,91.0,0.321,95.0,78,5,0,0,0,1
AJ Pollock,2020,32,LAD,NL,0.8,55,210,196,30,54,9,0,16,34,2,2,12,45,0.276,0.314,0.566,0.881,132.0,0.364,127.0,111,6,0,0,2,1
Josh Reddick*,2020,33,HOU,AL,-0.4,56,210,188,22,46,11,1,4,23,1,0,20,42,0.245,0.316,0.378,0.693,89.0,0.306,85.0,71,5,0,0,1,0
Adam Duvall,2020,31,ATL,NL,0.8,57,209,190,34,45,8,0,16,33,0,0,15,54,0.237,0.301,0.532,0.833,114.0,0.358,114.0,101,2,3,0,1,0
Evan Longoria,2020,34,SFG,NL,0.6,53,209,193,26,49,10,1,7,28,0,1,11,39,0.254,0.297,0.425,0.722,96.0,0.305,90.0,82,10,2,0,3,0
Jeff McNeil*,2020,28,NYM,NL,1.5,52,209,183,19,57,14,0,4,23,0,2,20,24,0.311,0.383,0.454,0.836,130.0,0.366,135.0,83,3,3,0,3,2
Bryan Reynolds#,2020,25,PIT,NL,0.5,55,208,185,24,35,6,2,7,19,1,1,21,57,0.189,0.275,0.357,0.632,71.0,0.279,68.0,66,2,1,0,0,0
Kolten Wong*,2020,29,STL,NL,1.3,53,208,181,26,48,4,2,1,16,5,2,20,30,0.265,0.35,0.326,0.675,90.0,0.305,89.0,59,1,4,2,1,1
Avisaíl García,2020,29,MIL,NL,-0.3,53,207,181,20,43,10,0,2,15,1,3,20,49,0.238,0.333,0.326,0.659,78.0,0.295,79.0,59,2,6,0,0,2
Teoscar Hernández,2020,27,TOR,AL,1.5,50,207,190,33,55,7,0,16,34,6,1,14,63,0.289,0.34,0.579,0.919,146.0,0.397,148.0,110,4,1,0,1,0
Jonathan Villar#,2020,29,2TM,2LG,-0.3,52,207,185,13,43,5,0,2,15,16,5,19,54,0.232,0.301,0.292,0.593,63.0,0.289,70.0,54,2,0,1,2,1
Jonathan Villar#,2020,29,MIA,NL,-0.1,30,128,116,10,30,4,0,2,9,9,5,10,32,0.259,0.315,0.345,0.66,79.0,0.306,86.0,40,2,0,1,1,1
Jonathan Villar#,2020,29,TOR,AL,-0.2,22,79,69,3,13,1,0,0,6,7,0,9,22,0.188,0.278,0.203,0.481,36.0,0.262,42.0,14,0,0,0,1,0
Jeimer Candelario#,2020,26,DET,AL,2.1,52,206,185,30,55,11,3,7,29,1,1,20,49,0.297,0.369,0.503,0.872,137.0,0.376,137.0,93,3,1,0,0,0
Austin Riley,2020,23,ATL,NL,-0.4,51,206,188,24,45,7,1,8,27,0,0,16,49,0.239,0.301,0.415,0.716,86.0,0.311,82.0,78,5,1,0,1,1
Raimel Tapia*,2020,26,COL,NL,0.8,51,206,184,26,59,8,2,1,17,8,2,14,38,0.321,0.369,0.402,0.772,98.0,0.35,99.0,74,3,2,1,3,0
Willy Adames,2020,24,TBR,AL,1.8,54,205,185,29,48,15,1,8,23,2,1,20,74,0.259,0.332,0.481,0.813,126.0,0.354,128.0,89,4,0,0,0,0
Miguel Sanó,2020,27,MIN,AL,0.1,53,205,186,31,38,12,0,13,25,0,0,18,90,0.204,0.278,0.478,0.757,105.0,0.317,97.0,89,3,1,0,0,1
Rio Ruiz*,2020,26,BAL,AL,0.6,54,204,185,25,41,11,0,9,32,1,2,17,46,0.222,0.286,0.427,0.713,90.0,0.308,88.0,79,4,0,1,1,1
Donovan Solano,2020,32,SFG,NL,1.5,54,203,190,22,62,15,1,3,29,0,0,10,39,0.326,0.365,0.463,0.828,127.0,0.371,134.0,88,2,2,0,1,0
Ronald Acuña Jr.,2020,22,ATL,NL,2.4,46,202,160,46,40,11,0,14,29,8,1,38,60,0.25,0.406,0.581,0.987,156.0,0.42,153.0,93,3,4,0,0,2
Jurickson Profar#,2020,27,SDP,NL,1.4,56,202,180,28,50,6,0,7,25,7,1,15,28,0.278,0.343,0.428,0.771,114.0,0.344,114.0,77,1,4,1,2,0
Evan White,2020,24,SEA,AL,-0.1,54,202,182,19,32,7,0,8,26,1,2,18,84,0.176,0.252,0.346,0.599,66.0,0.26,63.0,63,3,1,0,1,0
Nolan Arenado,2020,29,COL,NL,1.5,48,201,182,23,46,9,0,8,26,0,0,15,20,0.253,0.303,0.434,0.738,86.0,0.313,76.0,79,7,0,0,4,3
Colin Moran*,2020,27,PIT,NL,0.5,52,200,178,28,44,10,0,10,23,0,0,19,52,0.247,0.325,0.472,0.797,114.0,0.349,116.0,84,9,2,0,1,0
Marwin González#,2020,31,MIN,AL,0.2,53,199,175,15,37,4,0,5,22,0,0,17,41,0.211,0.286,0.32,0.606,69.0,0.274,67.0,56,1,3,0,4,0
Dominic Smith*,2020,25,NYM,NL,1.9,50,199,177,27,56,21,1,10,42,0,0,14,45,0.316,0.377,0.616,0.993,168.0,0.411,162.0,109,2,5,0,3,0
Max Kepler*,2020,27,MIN,AL,1.1,48,196,171,27,39,9,0,9,23,3,0,22,36,0.228,0.321,0.439,0.76,109.0,0.345,115.0,75,1,2,0,1,0
Juan Soto*,2020,21,WSN,NL,2.3,47,196,154,39,54,14,0,13,37,6,2,41,28,0.351,0.49,0.695,1.185,217.0,0.494,221.0,107,1,1,0,0,12
Ketel Marte#,2020,26,ARI,NL,1.6,45,195,181,19,52,14,1,2,17,1,0,7,21,0.287,0.323,0.409,0.732,97.0,0.344,110.0,74,2,4,0,3,0
J.T. Realmuto,2020,29,PHI,NL,1.4,47,195,173,33,46,6,0,11,32,4,1,16,48,0.266,0.349,0.491,0.84,124.0,0.364,123.0,85,3,6,0,0,0
Yasmani Grandal#,2020,31,CHW,AL,0.9,46,194,161,27,37,7,0,8,27,0,0,30,58,0.23,0.351,0.422,0.773,112.0,0.34,111.0,68,4,1,0,2,0
Brandon Crawford*,2020,33,SFG,NL,1.3,54,193,172,26,44,12,0,8,28,1,2,15,47,0.256,0.326,0.465,0.792,115.0,0.335,112.0,80,3,4,0,2,2
Erik González,2020,28,PIT,NL,0.3,50,193,181,14,41,13,1,3,20,2,3,8,51,0.227,0.255,0.359,0.614,65.0,0.259,57.0,65,5,0,1,3,0
Ryan McMahon*,2020,25,COL,NL,0.5,52,193,172,23,37,6,1,9,26,0,1,18,66,0.215,0.295,0.419,0.714,80.0,0.32,83.0,72,4,2,0,1,0
Jake Cronenworth*,2020,26,SDP,NL,1.6,54,192,172,26,49,15,3,4,20,3,1,18,30,0.285,0.354,0.477,0.831,129.0,0.367,133.0,82,4,1,0,1,0
Robbie Grossman#,2020,30,OAK,AL,1.2,51,192,166,23,40,12,2,8,23,8,1,21,38,0.241,0.344,0.482,0.826,128.0,0.368,130.0,80,1,5,0,0,2
Nicky Lopez*,2020,25,KCR,AL,0.2,56,192,169,15,34,8,0,1,13,0,5,18,41,0.201,0.286,0.266,0.552,51.0,0.246,50.0,45,1,2,3,0,0
Orlando Arcia,2020,25,MIL,NL,0.3,59,189,173,22,45,10,1,5,20,2,0,14,32,0.26,0.317,0.416,0.734,95.0,0.326,94.0,72,10,1,0,1,0
Víctor Robles,2020,23,WSN,NL,-0.2,52,189,168,20,37,5,1,3,15,4,1,9,53,0.22,0.293,0.315,0.608,66.0,0.278,64.0,53,0,9,1,2,0
Christian Vázquez,2020,29,BOS,AL,0.9,47,189,173,22,49,9,0,7,23,4,3,16,43,0.283,0.344,0.457,0.801,111.0,0.348,112.0,79,6,0,0,0,0
Michael Brantley*,2020,33,HOU,AL,1.6,46,187,170,24,51,15,0,5,22,2,0,17,28,0.3,0.364,0.476,0.84,127.0,0.373,131.0,81,3,0,0,0,0
Hunter Dozier,2020,28,KCR,AL,0.4,44,186,158,29,36,4,2,6,12,4,0,27,48,0.228,0.344,0.392,0.736,99.0,0.341,104.0,62,3,1,0,0,0
Rhys Hoskins,2020,27,PHI,NL,1.0,41,185,151,35,37,9,0,10,26,1,0,29,43,0.245,0.384,0.503,0.887,138.0,0.402,149.0,76,4,5,0,0,0
Yoshi Tsutsugo*,2020,28,TBR,AL,0.2,51,185,157,27,31,5,1,8,24,0,0,26,50,0.197,0.314,0.395,0.708,99.0,0.315,100.0,62,5,1,0,1,1
Travis d'Arnaud,2020,31,ATL,NL,0.8,44,184,165,19,53,8,0,9,34,1,0,16,50,0.321,0.386,0.533,0.919,139.0,0.394,138.0,88,8,2,0,1,0
Alex Gordon*,2020,36,KCR,AL,0.3,50,184,163,15,34,4,0,4,11,0,0,18,37,0.209,0.299,0.307,0.606,65.0,0.288,71.0,50,0,3,0,0,0
Garrett Hampson,2020,25,COL,NL,0.0,53,184,167,25,39,4,3,5,11,6,1,13,60,0.234,0.287,0.383,0.671,70.0,0.292,57.0,64,1,0,3,1,0
Joey Wendle*,2020,30,TBR,AL,1.4,50,184,168,24,48,9,2,4,17,8,2,10,35,0.286,0.342,0.435,0.777,118.0,0.338,113.0,73,1,5,0,1,1
Austin Nola,2020,30,2TM,2LG,1.2,48,184,161,24,44,9,1,7,28,0,0,18,34,0.273,0.353,0.472,0.825,129.0,0.363,132.0,76,3,3,0,2,1
Austin Nola,2020,30,SEA,AL,0.9,29,110,98,15,30,5,1,5,19,0,0,9,17,0.306,0.373,0.531,0.903,151.0,0.39,152.0,52,1,2,0,1,1
Austin Nola,2020,30,SDP,NL,0.3,19,74,63,9,14,4,0,2,9,0,0,9,17,0.222,0.324,0.381,0.705,96.0,0.324,103.0,24,2,1,0,1,0
Shogo Akiyama*,2020,32,CIN,NL,0.7,54,183,155,16,38,6,1,0,9,7,3,25,34,0.245,0.357,0.297,0.654,74.0,0.311,78.0,46,1,2,0,0,0
Jesse Winker*,2020,26,CIN,NL,1.3,54,183,149,27,38,7,0,12,23,1,0,28,46,0.255,0.388,0.544,0.932,139.0,0.403,142.0,81,3,5,0,1,0
Robinson Canó*,2020,37,NYM,NL,1.3,49,182,171,23,54,9,0,10,30,0,0,9,24,0.316,0.352,0.544,0.896,143.0,0.387,146.0,93,7,1,0,1,1
Edwin Encarnación,2020,37,CHW,AL,-0.4,44,181,159,19,25,5,0,10,19,0,0,16,54,0.157,0.25,0.377,0.627,70.0,0.291,77.0,60,3,4,0,1,0
Jason Heyward*,2020,30,CHC,NL,1.6,50,181,147,20,39,6,2,6,22,2,0,30,37,0.265,0.392,0.456,0.848,129.0,0.376,131.0,67,1,2,0,2,1
Alec Bohm,2020,23,PHI,NL,0.7,44,180,160,24,54,11,0,4,23,1,1,16,36,0.338,0.4,0.481,0.881,137.0,0.385,139.0,77,4,2,0,2,0
Alex Bregman,2020,26,HOU,AL,1.0,42,180,153,19,37,12,1,6,22,0,0,24,26,0.242,0.35,0.451,0.801,117.0,0.344,112.0,69,2,2,0,1,1
Travis Shaw*,2020,30,TOR,AL,0.2,50,180,163,17,39,10,0,6,17,0,0,16,50,0.239,0.306,0.411,0.717,95.0,0.31,90.0,67,4,0,0,1,0
Brandon Belt*,2020,32,SFG,NL,2.1,51,179,149,25,46,13,1,9,30,0,0,30,36,0.309,0.425,0.591,1.015,177.0,0.429,174.0,88,5,0,0,0,1
Niko Goodrum#,2020,28,DET,AL,0.1,43,179,158,15,29,7,1,5,20,7,1,18,69,0.184,0.263,0.335,0.598,63.0,0.268,56.0,53,4,0,0,3,0
Gary Sánchez,2020,27,NYY,AL,-0.3,49,178,156,19,23,4,0,10,24,0,0,18,64,0.147,0.253,0.365,0.618,70.0,0.271,66.0,57,6,4,0,0,0
Pedro Severino,2020,26,BAL,AL,0.8,48,178,160,17,40,5,1,5,21,1,0,16,40,0.25,0.322,0.388,0.71,92.0,0.328,99.0,62,3,1,1,0,0
Mauricio Dubón,2020,25,SFG,NL,1.0,54,177,157,21,43,4,1,4,19,2,3,15,36,0.274,0.337,0.389,0.726,100.0,0.311,97.0,61,4,1,1,2,0
Jonathan Schoop,2020,28,DET,AL,1.3,44,177,162,26,45,4,2,8,23,0,0,8,39,0.278,0.324,0.475,0.799,116.0,0.359,125.0,77,8,4,0,2,0
Adam Eaton*,2020,31,WSN,NL,-0.6,41,176,159,22,36,11,1,4,17,3,0,12,32,0.226,0.285,0.384,0.669,79.0,0.296,74.0,61,4,1,4,0,1
Shohei Ohtani*,2020,25,LAA,AL,0.0,44,175,153,23,29,6,0,7,24,7,1,22,50,0.19,0.291,0.366,0.657,79.0,0.301,78.0,56,3,0,0,0,0
Justin Turner,2020,35,LAD,NL,1.4,42,175,150,26,46,9,1,4,23,1,0,18,26,0.307,0.4,0.46,0.86,133.0,0.395,145.0,69,2,6,0,1,0
Paul DeJong,2020,26,STL,NL,0.3,45,174,152,17,38,6,0,3,25,1,0,17,50,0.25,0.322,0.349,0.671,87.0,0.299,84.0,53,4,1,0,4,0
Gregory Polanco*,2020,28,PIT,NL,-0.9,50,174,157,12,24,6,0,7,22,3,1,13,65,0.153,0.214,0.325,0.539,44.0,0.233,34.0,51,1,0,0,3,0
Jorge Soler,2020,28,KCR,AL,0.2,43,174,149,17,34,8,0,8,24,0,0,19,60,0.228,0.326,0.443,0.769,106.0,0.338,106.0,66,3,3,0,1,0
Gio Urshela,2020,28,NYY,AL,2.1,43,174,151,24,45,11,0,6,30,1,0,18,25,0.298,0.368,0.49,0.858,137.0,0.376,138.0,74,6,1,0,4,0
Kevin Newman,2020,26,PIT,NL,-0.4,44,172,156,12,35,5,0,1,10,0,1,12,21,0.224,0.281,0.276,0.556,53.0,0.268,61.0,43,1,1,1,2,0
Todd Frazier,2020,34,2TM,2LG,0.2,45,172,157,16,37,9,1,4,12,1,1,11,42,0.236,0.302,0.382,0.684,88.0,0.303,87.0,60,1,4,0,0,0
Todd Frazier,2020,34,TEX,AL,0.1,31,121,108,11,26,7,1,2,7,1,1,10,26,0.241,0.322,0.38,0.702,94.0,0.314,96.0,41,0,3,0,0,0
Todd Frazier,2020,34,NYM,NL,0.1,14,51,49,5,11,2,0,2,5,0,0,1,16,0.224,0.255,0.388,0.643,74.0,0.275,68.0,19,1,1,0,0,0
Brad Miller*,2020,30,STL,NL,0.9,48,171,142,21,33,8,1,7,25,1,0,25,46,0.232,0.357,0.451,0.807,122.0,0.361,128.0,64,2,3,0,1,1
Stephen Piscotty,2020,29,OAK,AL,0.1,45,171,159,17,36,6,0,5,29,4,0,9,53,0.226,0.271,0.358,0.629,75.0,0.278,68.0,57,4,1,1,1,0
Alex Dickerson*,2020,30,SFG,NL,0.8,52,170,151,28,45,10,1,10,27,0,0,16,30,0.298,0.371,0.576,0.947,156.0,0.399,154.0,87,5,2,0,1,2
Matt Carpenter*,2020,34,STL,NL,0.3,50,169,140,22,26,6,0,4,24,0,0,23,48,0.186,0.325,0.314,0.64,79.0,0.294,82.0,44,1,6,0,0,1
Justin Upton,2020,32,LAA,AL,-0.6,42,166,147,20,30,5,0,9,22,0,2,11,43,0.204,0.289,0.422,0.711,92.0,0.305,90.0,62,6,7,0,1,0
Martín Maldonado,2020,33,HOU,AL,0.8,47,165,135,19,29,4,0,6,24,1,0,27,51,0.215,0.35,0.378,0.727,99.0,0.334,104.0,51,2,1,2,0,0
Anthony Santander#,2020,25,BAL,AL,1.6,37,165,153,24,40,13,1,11,32,0,1,10,25,0.261,0.315,0.575,0.89,135.0,0.368,130.0,88,2,2,0,0,3
Brian Goodwin*,2020,29,2TM,2LG,-0.3,50,164,144,17,31,9,1,6,22,5,0,17,54,0.215,0.299,0.417,0.715,90.0,0.317,85.0,60,1,1,0,2,1
Brian Goodwin*,2020,29,LAA,AL,0.2,30,109,95,12,23,7,1,4,17,1,0,12,35,0.242,0.33,0.463,0.793,115.0,0.337,107.0,44,0,1,0,1,1
Brian Goodwin*,2020,29,CIN,NL,-0.5,20,55,49,5,8,2,0,2,5,4,0,5,19,0.163,0.236,0.327,0.563,45.0,0.277,44.0,16,1,0,0,1,0
Mike Moustakas*,2020,31,CIN,NL,0.1,44,163,139,13,32,9,0,8,27,1,0,18,36,0.23,0.331,0.468,0.799,105.0,0.347,103.0,65,5,4,0,2,1
Albert Pujols,2020,40,LAA,AL,-0.1,39,163,152,15,34,8,0,6,25,0,0,9,25,0.224,0.27,0.395,0.665,79.0,0.283,70.0,60,4,1,0,1,1
Clint Frazier,2020,25,NYY,AL,1.8,39,160,131,24,35,6,1,8,26,3,0,25,44,0.267,0.394,0.511,0.905,150.0,0.408,159.0,67,5,3,0,1,0
Gleyber Torres,2020,23,NYY,AL,0.0,42,160,136,17,33,8,0,3,16,1,0,22,28,0.243,0.356,0.368,0.724,103.0,0.327,104.0,50,5,2,0,0,0
Freddy Galvis#,2020,30,CIN,NL,0.2,47,159,141,18,31,5,0,7,16,1,1,13,30,0.22,0.308,0.404,0.712,84.0,0.309,79.0,57,5,5,0,0,0
Kevin Kiermaier*,2020,30,TBR,AL,1.9,49,159,138,16,30,5,3,3,22,8,1,20,42,0.217,0.321,0.362,0.683,93.0,0.315,94.0,50,2,1,0,0,1
Manuel Margot,2020,25,TBR,AL,1.1,47,159,145,19,39,9,0,1,11,12,4,13,25,0.269,0.327,0.352,0.679,93.0,0.324,103.0,51,0,0,0,1,0
Dylan Moore,2020,27,SEA,AL,1.7,38,159,137,26,35,9,0,8,17,12,5,14,43,0.255,0.358,0.496,0.855,138.0,0.381,144.0,68,4,8,0,0,0
Michael Chavis,2020,24,BOS,AL,-0.8,42,158,146,16,31,5,2,5,19,3,0,8,50,0.212,0.259,0.377,0.636,67.0,0.282,60.0,55,6,2,0,2,0
Brett Gardner*,2020,36,NYY,AL,0.7,49,158,130,20,29,5,1,5,15,3,3,26,35,0.223,0.354,0.392,0.747,109.0,0.331,112.0,51,0,1,0,1,0
Tyler O'Neill,2020,25,STL,NL,0.9,50,157,139,20,24,5,0,7,19,3,1,15,43,0.173,0.261,0.36,0.621,70.0,0.283,73.0,50,3,2,0,1,0
Eric Hosmer*,2020,30,SDP,NL,1.1,38,156,143,23,41,6,0,9,36,4,0,9,28,0.287,0.333,0.517,0.851,132.0,0.365,128.0,74,3,2,0,2,0
Yadier Molina,2020,37,STL,NL,0.4,42,156,145,12,38,2,0,4,16,0,0,6,21,0.262,0.303,0.359,0.662,83.0,0.291,80.0,52,7,3,1,1,0
Salvador Perez,2020,30,KCR,AL,2.1,37,156,150,22,50,12,0,11,32,1,0,3,36,0.333,0.353,0.633,0.986,159.0,0.425,166.0,95,0,2,0,1,0
Wilson Ramos,2020,32,NYM,NL,0.3,45,155,142,13,34,6,0,5,15,0,0,10,31,0.239,0.297,0.387,0.684,87.0,0.299,84.0,55,5,2,0,1,0
Ty France,2020,25,2TM,2LG,1.0,43,155,141,19,43,9,1,4,23,0,0,11,37,0.305,0.368,0.468,0.836,133.0,0.361,131.0,66,3,3,0,0,0
Ty France,2020,25,SDP,NL,0.5,20,61,55,9,17,4,0,2,10,0,0,5,15,0.309,0.377,0.491,0.868,140.0,0.376,140.0,27,1,1,0,0,0
Ty France,2020,25,SEA,AL,0.5,23,94,86,10,26,5,1,2,13,0,0,6,22,0.302,0.362,0.453,0.815,128.0,0.352,125.0,39,2,2,0,0,0
Cedric Mullins*,2020,25,BAL,AL,0.5,48,153,140,16,38,4,3,3,12,7,2,8,37,0.271,0.315,0.407,0.723,95.0,0.312,85.0,57,0,1,4,0,0
Matt Chapman,2020,27,OAK,AL,1.2,37,152,142,22,33,9,2,10,25,0,0,8,54,0.232,0.276,0.535,0.812,120.0,0.335,112.0,76,2,1,0,1,0
Austin Meadows*,2020,25,TBR,AL,0.3,36,152,132,19,27,8,1,4,13,2,1,17,50,0.205,0.296,0.371,0.667,87.0,0.292,84.0,49,0,1,0,2,0
Mitch Moreland*,2020,34,2TM,2LG,1.1,42,152,136,22,36,9,0,10,29,0,0,15,32,0.265,0.342,0.551,0.894,138.0,0.378,135.0,75,0,1,0,0,2
Mitch Moreland*,2020,34,BOS,AL,1.1,22,79,67,14,22,4,0,8,21,0,0,11,18,0.328,0.43,0.746,1.177,205.0,0.477,201.0,50,0,1,0,0,1
Mitch Moreland*,2020,34,SDP,NL,0.0,20,73,69,8,14,5,0,2,8,0,0,4,14,0.203,0.247,0.362,0.609,67.0,0.27,65.0,25,0,0,0,0,1
Tim Lopes,2020,26,SEA,AL,-0.2,46,151,143,16,34,12,0,2,15,5,0,6,34,0.238,0.278,0.364,0.642,79.0,0.291,77.0,52,2,2,0,0,0
Jose Iglesias,2020,30,BAL,AL,1.3,39,150,142,16,53,17,0,3,24,0,0,3,17,0.373,0.4,0.556,0.956,157.0,0.407,155.0,79,1,4,0,1,0
Pat Valaika,2020,27,BAL,AL,0.5,52,150,141,24,39,4,0,8,16,0,2,8,34,0.277,0.315,0.475,0.791,111.0,0.341,114.0,67,3,0,1,0,0
Jon Berti,2020,30,MIA,NL,0.9,39,149,120,21,31,5,0,2,14,9,2,23,37,0.258,0.388,0.35,0.738,102.0,0.356,114.0,42,1,3,2,1,0
Nomar Mazara*,2020,25,CHW,AL,-0.2,42,149,136,13,31,6,0,1,15,0,1,10,44,0.228,0.295,0.294,0.589,64.0,0.264,60.0,40,0,3,0,0,0
Kiké Hernández,2020,28,LAD,NL,1.0,48,148,139,20,32,8,1,5,20,0,1,6,31,0.23,0.27,0.41,0.68,81.0,0.299,82.0,57,5,2,0,1,0
Matt Joyce*,2020,35,MIA,NL,-0.4,46,148,127,16,32,4,0,2,14,1,0,20,41,0.252,0.351,0.331,0.682,87.0,0.331,100.0,42,3,0,0,1,0
Rougned Odor*,2020,26,TEX,AL,-0.5,38,148,138,15,23,4,0,10,30,0,1,7,47,0.167,0.209,0.413,0.623,66.0,0.266,63.0,57,2,1,0,2,0
Kris Bryant,2020,28,CHC,NL,0.4,34,147,131,20,27,5,1,4,11,0,0,12,40,0.206,0.293,0.351,0.644,73.0,0.311,87.0,46,1,4,0,0,0
Danny Jansen,2020,25,TOR,AL,0.6,43,147,120,18,22,3,0,6,20,0,0,21,31,0.183,0.313,0.358,0.671,85.0,0.325,101.0,43,1,2,3,1,0
Amed Rosario,2020,24,NYM,NL,0.0,46,147,143,20,36,3,1,4,15,0,1,4,34,0.252,0.272,0.371,0.643,75.0,0.284,76.0,53,5,0,0,0,0
David Bote,2020,27,CHC,NL,0.0,45,145,125,15,25,3,1,7,29,2,0,17,40,0.2,0.303,0.408,0.711,90.0,0.312,86.0,51,6,2,0,1,0
Jiman Choi*,2020,29,TBR,AL,0.4,42,145,122,16,28,13,0,3,16,0,0,20,36,0.23,0.331,0.41,0.741,108.0,0.317,102.0,50,1,0,0,3,2
Miguel Rojas,2020,31,MIA,NL,1.6,40,143,125,20,38,10,1,4,20,5,1,16,18,0.304,0.392,0.496,0.888,138.0,0.383,134.0,62,1,2,0,0,2
Jacob Stallings,2020,30,PIT,NL,1.0,42,143,125,13,31,7,0,3,18,0,0,15,40,0.248,0.326,0.376,0.702,91.0,0.317,93.0,47,2,0,2,1,0
Ryan Braun,2020,36,MIL,NL,0.1,39,141,129,14,30,7,1,8,26,1,0,7,27,0.233,0.281,0.488,0.769,101.0,0.33,97.0,63,6,2,0,1,0
Nick Markakis*,2020,36,ATL,NL,-0.2,37,141,130,15,33,15,0,1,15,0,1,10,23,0.254,0.312,0.392,0.704,85.0,0.317,88.0,51,5,1,0,0,0
Tyler Naquin*,2020,29,CLE,AL,-0.4,40,141,133,15,29,8,1,4,20,0,1,5,40,0.218,0.248,0.383,0.632,70.0,0.272,65.0,51,3,1,0,2,0
Joe Panik*,2020,29,TOR,AL,-0.3,41,141,120,18,27,6,0,1,7,0,0,20,27,0.225,0.34,0.3,0.64,79.0,0.297,81.0,36,4,1,0,0,0
Willi Castro#,2020,23,DET,AL,0.5,36,140,129,21,45,4,2,6,24,0,1,7,38,0.349,0.381,0.55,0.932,153.0,0.389,148.0,71,0,1,1,2,0
Ryan Mountcastle,2020,23,BAL,AL,0.7,35,140,126,12,42,5,0,5,23,0,1,11,30,0.333,0.386,0.492,0.878,137.0,0.39,146.0,62,2,1,0,2,0
Sean Murphy,2020,25,OAK,AL,1.1,43,140,116,21,27,5,0,7,14,0,0,24,37,0.233,0.364,0.457,0.821,129.0,0.365,133.0,53,6,0,0,0,0
Eric Thames*,2020,33,WSN,NL,-0.4,41,140,123,10,25,5,0,3,12,1,0,14,42,0.203,0.3,0.317,0.617,68.0,0.291,73.0,39,2,3,0,0,1
Luis García Jr.*,2020,20,WSN,NL,-0.1,40,139,134,18,37,6,0,2,16,1,1,5,29,0.276,0.302,0.366,0.668,81.0,0.296,79.0,49,3,0,0,0,0
Hunter Renfroe,2020,28,TBR,AL,-0.1,42,139,122,18,19,5,0,8,22,2,0,14,37,0.156,0.252,0.393,0.645,79.0,0.307,92.0,48,3,2,0,1,0
Yandy Díaz,2020,28,TBR,AL,1.1,34,138,114,16,35,3,0,2,11,0,0,23,17,0.307,0.428,0.386,0.814,133.0,0.377,144.0,44,6,1,0,0,1
Joc Pederson*,2020,28,LAD,NL,-0.3,43,138,121,21,23,4,0,7,16,1,0,11,34,0.19,0.285,0.397,0.681,83.0,0.305,82.0,48,5,5,0,0,0
Will Smith,2020,25,LAD,NL,1.4,37,137,114,23,33,9,0,8,25,0,0,20,22,0.289,0.401,0.579,0.98,162.0,0.41,157.0,66,2,2,0,1,1
Daniel Vogelbach*,2020,27,3TM,2LG,-0.1,39,136,115,16,24,3,0,6,16,0,0,20,33,0.209,0.331,0.391,0.722,98.0,0.318,95.0,45,3,1,0,0,1
Daniel Vogelbach*,2020,27,2TM,AL,-0.6,20,69,57,3,5,1,0,2,4,0,0,12,15,0.088,0.246,0.211,0.457,31.0,0.214,27.0,12,1,0,0,0,1
Daniel Vogelbach*,2020,27,SEA,AL,-0.5,18,64,53,3,5,1,0,2,4,0,0,11,13,0.094,0.25,0.226,0.476,36.0,0.22,32.0,12,1,0,0,0,1
Daniel Vogelbach*,2020,27,TOR,AL,-0.1,2,5,4,0,0,0,0,0,0,0,0,1,2,0.0,0.2,0.0,0.2,-37.0,0.14,-28.0,0,0,0,0,0,0
Daniel Vogelbach*,2020,27,MIL,NL,0.5,19,67,58,13,19,2,0,4,12,0,0,8,18,0.328,0.418,0.569,0.987,161.0,0.424,163.0,33,2,1,0,0,0
Byron Buxton,2020,26,MIN,AL,2.1,39,135,130,19,33,3,0,13,27,2,1,2,36,0.254,0.267,0.577,0.844,125.0,0.348,119.0,75,2,1,0,2,0
Jedd Gyorko,2020,31,MIL,NL,0.7,42,135,117,19,29,3,0,9,17,0,0,15,38,0.248,0.333,0.504,0.838,120.0,0.365,123.0,59,4,1,0,2,1
Jason Kipnis*,2020,33,CHC,NL,0.8,44,135,114,13,27,8,1,3,16,1,0,18,41,0.237,0.341,0.404,0.744,101.0,0.339,106.0,46,1,1,0,2,0
Austin Romine,2020,31,DET,AL,-0.2,37,135,130,12,31,5,0,2,17,0,0,4,47,0.238,0.259,0.323,0.582,59.0,0.267,60.0,42,3,0,0,1,0
Austin Hays,2020,24,BAL,AL,0.8,33,134,122,20,34,2,0,4,9,2,3,8,25,0.279,0.328,0.393,0.722,96.0,0.332,108.0,48,1,2,0,2,0
Leody Taveras#,2020,21,TEX,AL,1.3,33,134,119,20,27,6,1,4,6,8,0,14,43,0.227,0.308,0.395,0.703,93.0,0.326,92.0,47,0,0,1,0,0
Garrett Cooper,2020,29,MIA,NL,0.6,34,133,120,20,34,8,0,6,20,0,0,11,31,0.283,0.353,0.5,0.853,127.0,0.373,130.0,60,5,2,0,0,0
Jo Adell,2020,21,LAA,AL,-1.4,38,132,124,9,20,4,0,3,7,0,1,7,55,0.161,0.212,0.266,0.478,30.0,0.206,19.0,33,3,1,0,0,0
Victor Caratini#,2020,26,CHC,NL,-0.2,44,132,116,10,28,7,0,1,16,0,1,12,31,0.241,0.333,0.328,0.661,80.0,0.295,79.0,38,4,4,0,0,1
Andrés Giménez*,2020,21,NYM,NL,1.0,49,132,118,22,31,3,2,3,12,8,1,7,28,0.263,0.333,0.398,0.732,101.0,0.332,100.0,47,0,6,0,1,0
Matt Kemp,2020,35,COL,NL,0.1,43,132,117,18,28,3,0,6,21,1,0,15,41,0.239,0.326,0.419,0.745,89.0,0.324,83.0,49,5,0,0,0,1
Daniel Murphy*,2020,35,COL,NL,-0.9,40,132,123,10,29,3,0,3,16,0,0,7,21,0.236,0.275,0.333,0.608,55.0,0.261,38.0,41,3,0,0,1,2
Ryan O'Hearn*,2020,26,KCR,AL,-0.6,42,132,113,7,22,6,0,2,18,0,0,18,37,0.195,0.303,0.301,0.604,65.0,0.27,58.0,34,5,0,0,1,2
Justin Smoak#,2020,33,2TM,NL,-0.7,36,132,119,14,21,7,0,5,15,0,0,10,42,0.176,0.25,0.361,0.611,62.0,0.272,58.0,43,4,2,0,1,0
Justin Smoak#,2020,33,MIL,NL,-0.5,33,126,113,14,21,7,0,5,15,0,0,10,40,0.186,0.262,0.381,0.642,69.0,0.285,67.0,43,3,2,0,1,0
Justin Smoak#,2020,33,SFG,NL,-0.2,3,6,6,0,0,0,0,0,0,0,0,0,2,0.0,0.0,0.0,0.0,-100.0,0.0,-124.0,0,1,0,0,0,0
Ender Inciarte*,2020,29,ATL,NL,-0.6,46,131,116,17,22,2,1,1,10,4,1,12,25,0.19,0.262,0.25,0.512,36.0,0.243,32.0,29,0,0,1,2,0
Carson Kelly,2020,25,ARI,NL,-0.1,39,129,122,11,27,5,0,5,19,0,0,6,29,0.221,0.264,0.385,0.649,73.0,0.28,67.0,47,4,1,0,0,0
Kurt Suzuki,2020,36,WSN,NL,0.2,33,129,111,15,30,8,0,2,17,1,0,11,19,0.27,0.349,0.396,0.745,102.0,0.337,105.0,44,4,4,0,3,0
Bo Bichette,2020,22,TOR,AL,1.1,29,128,123,18,37,9,1,5,23,4,1,5,27,0.301,0.328,0.512,0.84,127.0,0.371,131.0,63,2,0,0,0,1
Shed Long Jr.*,2020,24,SEA,AL,-0.1,34,128,117,10,20,5,0,3,9,4,0,11,37,0.171,0.242,0.291,0.533,49.0,0.251,49.0,34,1,0,0,0,0
Eric Sogard*,2020,34,MIL,NL,-0.2,43,128,115,10,24,5,0,1,10,0,0,11,20,0.209,0.281,0.278,0.56,51.0,0.256,47.0,32,1,1,0,1,0
Johan Camargo#,2020,26,ATL,NL,0.1,35,127,120,16,24,8,0,4,9,0,0,6,35,0.2,0.244,0.367,0.611,58.0,0.27,53.0,44,1,1,0,0,0
Shin-Soo Choo*,2020,37,TEX,AL,0.1,33,127,110,13,26,3,0,5,15,6,2,13,33,0.236,0.323,0.4,0.723,99.0,0.321,97.0,44,1,2,0,2,1
Ben Gamel*,2020,28,MIL,NL,-0.4,40,127,114,13,27,8,1,3,10,0,2,13,39,0.237,0.315,0.404,0.718,91.0,0.307,88.0,46,4,0,0,0,0
Andrelton Simmons,2020,30,LAA,AL,0.6,30,127,118,19,35,7,0,0,10,2,0,8,16,0.297,0.346,0.356,0.702,94.0,0.336,105.0,42,5,1,0,0,0
Rowdy Tellez*,2020,25,TOR,AL,0.6,35,127,113,20,32,5,0,8,23,0,1,11,20,0.283,0.346,0.54,0.886,139.0,0.378,141.0,61,1,1,0,2,1
Nico Hoerner,2020,23,CHC,NL,0.8,48,126,108,19,24,4,0,0,13,3,2,12,24,0.222,0.312,0.259,0.571,57.0,0.277,65.0,28,3,3,0,2,0
Omar Narváez*,2020,28,MIL,NL,-0.1,40,126,108,8,19,4,0,2,10,0,0,16,39,0.176,0.294,0.269,0.562,53.0,0.264,52.0,29,1,2,0,0,0
Harrison Bader,2020,26,STL,NL,1.0,50,125,106,21,24,7,2,4,11,3,1,13,40,0.226,0.336,0.443,0.779,114.0,0.359,126.0,47,2,5,0,1,0
Tommy Pham,2020,32,SDP,NL,-0.1,31,125,109,13,23,2,0,3,12,6,0,15,27,0.211,0.312,0.312,0.624,75.0,0.294,75.0,34,2,1,0,0,0
Ozzie Albies#,2020,23,ATL,NL,0.8,29,124,118,21,32,5,0,6,19,3,1,5,30,0.271,0.306,0.466,0.773,100.0,0.358,113.0,55,0,1,0,0,0
Scott Kingery,2020,26,PHI,NL,-0.9,36,124,113,12,18,5,0,3,6,0,0,9,35,0.159,0.228,0.283,0.511,37.0,0.249,44.0,32,1,1,1,0,0
Jake Cave*,2020,27,MIN,AL,0.4,42,123,113,17,25,3,2,4,15,0,2,5,44,0.221,0.285,0.389,0.674,85.0,0.291,85.0,44,0,5,0,0,0
Carter Kieboom,2020,22,WSN,NL,0.2,33,122,99,15,20,1,0,0,9,0,1,17,33,0.202,0.344,0.212,0.556,57.0,0.274,66.0,21,6,5,0,1,0
Luis Arráez*,2020,23,MIN,AL,0.8,32,121,112,16,36,9,0,0,13,0,0,8,11,0.321,0.364,0.402,0.765,113.0,0.344,116.0,45,2,0,0,1,0
Chance Sisco*,2020,25,BAL,AL,0.2,36,121,98,11,21,4,0,4,10,0,0,17,41,0.214,0.364,0.378,0.741,103.0,0.337,106.0,37,1,6,0,0,0
Delino DeShields,2020,27,CLE,AL,0.0,37,120,107,10,27,3,2,0,7,3,2,9,29,0.252,0.31,0.318,0.628,73.0,0.274,65.0,34,0,0,4,0,0
José Peraza,2020,26,BOS,AL,-0.1,34,120,111,13,25,8,1,1,8,1,1,5,18,0.225,0.275,0.342,0.617,64.0,0.283,66.0,38,3,3,0,1,0
Luis Urías,2020,23,MIL,NL,0.2,41,120,109,11,26,4,1,0,11,2,2,10,32,0.239,0.308,0.294,0.602,63.0,0.267,58.0,32,4,1,0,0,0
Dylan Carlson#,2020,21,STL,NL,0.1,35,119,110,11,22,7,1,3,16,1,1,8,35,0.2,0.252,0.364,0.616,68.0,0.262,61.0,40,3,0,0,1,0
Yan Gomes,2020,32,WSN,NL,0.7,30,119,109,14,31,6,1,4,13,1,0,6,22,0.284,0.319,0.468,0.787,110.0,0.351,115.0,51,1,1,0,3,0
Roman Quinn#,2020,27,PHI,NL,0.0,41,116,108,14,23,3,1,2,7,12,0,5,39,0.213,0.261,0.315,0.576,55.0,0.289,55.0,34,0,2,1,0,0
Cole Tucker#,2020,23,PIT,NL,-0.9,37,116,109,17,24,3,0,1,8,1,0,5,31,0.22,0.252,0.275,0.527,44.0,0.25,45.0,30,3,0,1,1,0
José Marmolejos*,2020,27,SEA,AL,-0.2,35,115,107,12,22,4,0,6,18,0,1,7,32,0.206,0.261,0.411,0.672,85.0,0.291,85.0,44,2,1,0,0,0
Daulton Varsho*,2020,23,ARI,NL,0.1,37,115,101,16,19,5,2,3,9,3,1,12,33,0.188,0.287,0.366,0.653,76.0,0.288,71.0,37,1,2,0,0,0
Sam Hilliard*,2020,26,COL,NL,0.2,36,114,105,13,22,2,2,6,10,3,0,9,42,0.21,0.272,0.438,0.71,77.0,0.305,67.0,46,0,0,0,0,0
Aaron Judge,2020,28,NYY,AL,1.1,28,114,101,23,26,3,0,9,22,0,1,10,32,0.257,0.336,0.554,0.891,143.0,0.379,145.0,56,5,2,0,0,0
Tony Kemp*,2020,28,OAK,AL,0.0,49,114,93,15,23,5,0,0,4,3,1,15,14,0.247,0.363,0.301,0.664,90.0,0.308,92.0,28,0,3,1,2,0
Danny Mendick,2020,26,CHW,AL,0.7,33,114,107,11,26,4,1,3,6,0,1,6,25,0.243,0.281,0.383,0.664,81.0,0.29,79.0,41,3,0,0,1,0
Lewis Brinson,2020,26,MIA,NL,0.1,47,112,106,14,24,6,0,3,12,4,0,6,30,0.226,0.268,0.368,0.636,70.0,0.28,60.0,39,2,0,0,0,0
DJ Stewart*,2020,26,BAL,AL,0.5,31,112,88,13,17,2,0,7,15,0,0,20,38,0.193,0.355,0.455,0.809,118.0,0.36,123.0,40,0,2,2,0,0
Elvis Andrus,2020,31,TEX,AL,-0.3,29,111,103,11,20,5,0,3,7,3,1,8,15,0.194,0.252,0.33,0.582,60.0,0.264,58.0,34,5,0,0,0,0
Joey Bart,2020,23,SFG,NL,0.3,33,111,103,15,24,5,2,0,7,0,0,3,41,0.233,0.288,0.32,0.609,68.0,0.295,82.0,33,1,5,0,0,0
James McCann,2020,30,CHW,AL,1.3,31,111,97,20,28,3,0,7,15,1,1,8,30,0.289,0.36,0.536,0.896,143.0,0.385,144.0,52,2,4,0,2,0
Mike Tauchman*,2020,29,NYY,AL,0.1,43,111,95,18,23,6,0,0,14,6,0,14,26,0.242,0.342,0.305,0.648,84.0,0.3,77.0,29,3,1,0,1,3
Tucker Barnhart*,2020,29,CIN,NL,0.8,38,110,98,10,20,3,0,5,13,0,0,12,28,0.204,0.291,0.388,0.679,75.0,0.298,70.0,38,2,0,0,0,0
Roberto Pérez,2020,31,CLE,AL,0.2,32,110,97,6,16,2,0,1,5,0,0,11,38,0.165,0.264,0.216,0.48,34.0,0.262,56.0,21,2,2,0,0,0
Nick Madrigal,2020,23,CHW,AL,0.5,29,109,103,8,35,3,0,0,11,2,1,4,7,0.34,0.376,0.369,0.745,107.0,0.347,117.0,38,5,2,0,0,0
Tony Wolters*,2020,28,COL,NL,-0.3,42,109,100,10,23,4,0,0,8,0,0,6,30,0.23,0.28,0.27,0.55,42.0,0.268,44.0,27,1,1,2,0,0
Willie Calhoun*,2020,25,TEX,AL,-1.0,29,108,100,3,19,2,1,1,13,0,0,5,17,0.19,0.231,0.26,0.491,36.0,0.217,26.0,26,1,1,0,2,0
JaCoby Jones,2020,28,DET,AL,0.5,30,108,97,19,26,9,0,5,14,1,1,7,34,0.268,0.333,0.515,0.849,129.0,0.364,130.0,50,1,3,0,1,0
Isaac Paredes,2020,21,DET,AL,-0.3,34,108,100,7,22,4,0,1,6,0,0,8,24,0.22,0.278,0.29,0.568,57.0,0.255,52.0,29,1,0,0,0,0
Jared Walsh*,2020,26,LAA,AL,0.7,32,108,99,19,29,4,2,9,26,0,0,5,15,0.293,0.324,0.646,0.971,157.0,0.399,152.0,64,0,1,0,3,0
Luis Rengifo#,2020,23,LAA,AL,-0.3,33,106,90,12,14,1,0,1,3,3,1,14,26,0.156,0.269,0.2,0.469,32.0,0.235,35.0,18,2,0,2,0,0
Brock Holt*,2020,32,2TM,NL,-0.7,36,106,95,12,20,6,0,0,5,1,0,9,24,0.211,0.283,0.274,0.557,52.0,0.255,47.0,26,3,1,0,1,0
Brock Holt*,2020,32,MIL,NL,-0.6,16,36,30,1,3,0,0,0,1,0,0,4,9,0.1,0.222,0.1,0.322,-9.0,0.168,-14.0,3,2,1,0,1,0
Brock Holt*,2020,32,WSN,NL,0.0,20,70,65,11,17,6,0,0,4,1,0,5,15,0.262,0.314,0.354,0.668,81.0,0.3,78.0,23,1,0,0,0,0
Max Stassi,2020,29,LAA,AL,1.0,31,105,90,12,25,2,0,7,20,0,0,11,21,0.278,0.352,0.533,0.886,138.0,0.371,132.0,48,5,1,0,3,0
Tyler Wade*,2020,25,NYY,AL,0.7,52,105,88,19,15,3,0,3,10,4,1,12,22,0.17,0.288,0.307,0.595,67.0,0.283,71.0,27,1,3,1,1,0
Austin Barnes,2020,30,LAD,NL,0.7,29,104,86,14,21,3,0,1,9,3,0,13,24,0.244,0.353,0.314,0.667,84.0,0.321,90.0,27,0,2,2,1,0
Austin Slater,2020,27,SFG,NL,0.9,31,104,85,18,24,2,1,5,7,8,1,16,22,0.282,0.408,0.506,0.914,151.0,0.407,151.0,43,2,2,1,0,0
Josh Naylor*,2020,23,2TM,2LG,0.0,40,104,97,13,24,3,1,1,6,1,0,5,12,0.247,0.291,0.33,0.621,71.0,0.287,73.0,32,2,1,0,0,0
Josh Naylor*,2020,23,SDP,NL,0.0,18,38,36,4,10,0,1,1,4,1,0,1,4,0.278,0.316,0.417,0.732,102.0,0.347,116.0,15,2,1,0,0,0
Josh Naylor*,2020,23,CLE,AL,0.0,22,66,61,9,14,3,0,0,2,0,0,4,8,0.23,0.277,0.279,0.556,54.0,0.252,48.0,17,0,0,0,0,0
Jay Bruce*,2020,33,PHI,NL,0.2,32,103,96,11,19,4,2,6,14,0,0,7,24,0.198,0.252,0.469,0.721,89.0,0.315,90.0,45,1,0,0,0,1
Joshua Fuentes,2020,27,COL,NL,1.1,30,103,98,14,30,7,0,2,17,1,0,2,29,0.306,0.32,0.439,0.759,92.0,0.335,90.0,43,1,1,0,2,0
Josh Donaldson,2020,34,MIN,AL,0.5,28,102,81,14,18,2,0,6,11,0,0,18,24,0.222,0.373,0.469,0.842,132.0,0.359,127.0,38,4,2,0,1,1
Phil Gosselin,2020,31,PHI,NL,-0.1,39,102,92,14,23,5,0,3,12,0,0,10,27,0.25,0.324,0.402,0.726,95.0,0.322,95.0,37,3,0,0,0,1
Taylor Ward,2020,26,LAA,AL,0.1,34,102,94,16,26,6,2,0,5,2,0,8,28,0.277,0.333,0.383,0.716,96.0,0.337,105.0,36,1,0,0,0,0
Ehire Adrianza#,2020,30,MIN,AL,0.2,44,101,89,10,17,7,0,0,3,1,0,11,23,0.191,0.287,0.27,0.557,57.0,0.259,55.0,24,3,1,0,0,0
Dexter Fowler#,2020,34,STL,NL,0.0,31,101,90,14,21,2,0,4,15,1,1,10,28,0.233,0.317,0.389,0.706,95.0,0.309,94.0,35,2,1,0,0,0
Edward Olivares,2020,24,2TM,2LG,-0.8,31,101,96,9,23,2,1,3,10,0,2,4,25,0.24,0.267,0.375,0.642,73.0,0.262,63.0,36,1,0,0,1,0
Edward Olivares,2020,24,SDP,NL,-0.5,13,36,34,4,6,1,0,1,3,0,1,2,14,0.176,0.222,0.294,0.516,43.0,0.214,37.0,10,0,0,0,0,0
Edward Olivares,2020,24,KCR,AL,-0.3,18,65,62,5,17,1,1,2,7,0,1,2,11,0.274,0.292,0.419,0.712,90.0,0.29,78.0,26,1,0,0,1,0
Cameron Maybin,2020,33,2TM,2LG,0.0,32,101,93,8,23,8,1,1,7,3,0,7,25,0.247,0.307,0.387,0.694,88.0,0.316,88.0,36,4,1,0,0,0
Cameron Maybin,2020,33,DET,AL,-0.1,14,45,41,5,10,4,0,1,2,0,0,4,13,0.244,0.311,0.415,0.726,98.0,0.313,93.0,17,3,0,0,0,0
Cameron Maybin,2020,33,CHC,NL,0.1,18,56,52,3,13,4,1,0,5,3,0,3,12,0.25,0.304,0.365,0.669,80.0,0.319,84.0,19,1,1,0,0,0
Jorge Alfaro,2020,27,MIA,NL,-0.4,31,100,93,12,21,2,0,3,16,2,0,4,36,0.226,0.28,0.344,0.624,68.0,0.276,59.0,32,2,3,0,0,1
Howie Kendrick,2020,36,WSN,NL,-0.2,25,100,91,11,25,4,0,2,14,0,0,7,17,0.275,0.32,0.385,0.705,91.0,0.299,79.0,35,4,0,0,2,2
Darin Ruf,2020,33,SFG,NL,0.8,40,100,87,11,24,6,0,5,18,1,0,13,23,0.276,0.37,0.517,0.887,142.0,0.4,153.0,45,1,0,0,0,0
David Dahl*,2020,26,COL,NL,-1.0,24,99,93,9,17,2,2,0,9,1,0,4,28,0.183,0.222,0.247,0.47,20.0,0.221,11.0,23,0,1,0,1,0
Khris Davis,2020,32,OAK,AL,-0.3,30,99,85,9,17,5,0,2,10,0,0,10,26,0.2,0.303,0.329,0.632,78.0,0.284,76.0,28,5,3,0,1,0
Christin Stewart*,2020,26,DET,AL,-0.6,36,99,90,6,15,3,0,3,9,0,0,5,30,0.167,0.224,0.3,0.524,43.0,0.23,34.0,27,2,2,0,1,0
Michael A. Taylor,2020,29,WSN,NL,-0.4,38,99,92,11,18,6,0,5,16,0,0,6,27,0.196,0.253,0.424,0.676,79.0,0.283,69.0,39,2,1,0,0,0
Jake Lamb*,2020,29,2TM,2LG,-0.3,31,99,88,7,17,5,0,3,10,0,1,8,25,0.193,0.283,0.352,0.635,74.0,0.286,77.0,31,1,3,0,0,0
Jake Lamb*,2020,29,ARI,NL,-0.4,18,50,43,2,5,1,0,0,1,0,1,6,17,0.116,0.24,0.14,0.38,7.0,0.204,21.0,6,0,1,0,0,0
Jake Lamb*,2020,29,OAK,AL,0.1,13,49,45,5,12,4,0,3,9,0,0,2,8,0.267,0.327,0.556,0.882,141.0,0.37,136.0,25,1,2,0,0,0
Mike Brosseau,2020,26,TBR,AL,1.2,36,98,86,12,26,5,1,5,12,2,0,8,31,0.302,0.378,0.558,0.936,160.0,0.407,161.0,48,1,3,0,1,0
José Martínez,2020,31,2TM,2LG,-0.5,34,98,88,10,16,4,0,2,10,0,0,10,27,0.182,0.265,0.295,0.561,57.0,0.256,57.0,26,6,0,0,0,1
José Martínez,2020,31,TBR,AL,0.2,24,76,67,10,16,4,0,2,10,0,0,9,20,0.239,0.329,0.388,0.717,102.0,0.322,105.0,26,5,0,0,0,1
José Martínez,2020,31,CHC,NL,-0.6,10,22,21,0,0,0,0,0,0,0,0,1,7,0.0,0.045,0.0,0.045,-86.0,0.032,-107.0,0,1,0,0,0,0
Abraham Toro#,2020,23,HOU,AL,-0.7,33,97,87,13,13,2,0,3,9,1,1,3,23,0.149,0.237,0.276,0.513,40.0,0.249,47.0,24,1,7,0,0,0
Ke'Bryan Hayes,2020,23,PIT,NL,1.9,24,95,85,17,32,7,2,5,11,1,0,9,20,0.376,0.442,0.682,1.124,201.0,0.467,198.0,58,2,1,0,0,2
Jorge Bonifacio,2020,27,DET,AL,-0.3,30,94,86,8,19,3,0,2,17,0,0,5,26,0.221,0.277,0.326,0.602,65.0,0.266,59.0,28,1,2,0,1,0
Giancarlo Stanton,2020,30,NYY,AL,0.6,23,94,76,12,19,7,0,4,11,1,1,15,27,0.25,0.387,0.5,0.887,145.0,0.387,150.0,38,4,2,0,0,1
Pablo Sandoval#,2020,33,2TM,NL,-0.5,34,94,84,5,18,1,0,1,6,0,0,8,19,0.214,0.287,0.262,0.549,54.0,0.261,57.0,22,3,1,0,1,0
Pablo Sandoval#,2020,33,SFG,NL,-0.5,33,90,82,5,18,1,0,1,6,0,0,6,18,0.22,0.278,0.268,0.546,52.0,0.257,55.0,22,3,1,0,1,0
Pablo Sandoval#,2020,33,ATL,NL,0.0,1,4,2,0,0,0,0,0,0,0,0,2,1,0.0,0.5,0.0,0.5,50.0,0.352,110.0,0,0,0,0,0,0
Curt Casali,2020,31,CIN,NL,0.5,31,93,76,10,17,3,0,6,8,2,0,14,29,0.224,0.366,0.5,0.866,123.0,0.376,121.0,38,2,3,0,0,0
Adam Engel,2020,28,CHW,AL,0.7,36,93,88,11,26,5,1,3,12,1,0,3,19,0.295,0.333,0.477,0.811,120.0,0.366,128.0,42,1,2,0,0,0
Óscar Mercado,2020,25,CLE,AL,-0.5,36,93,86,6,11,1,0,1,6,3,0,5,27,0.128,0.174,0.174,0.348,-4.0,0.177,-10.0,15,0,0,1,1,0
Michael Pérez*,2020,27,TBR,AL,-0.2,38,93,84,7,14,3,0,1,13,0,0,7,27,0.167,0.237,0.238,0.475,35.0,0.218,32.0,20,3,1,0,1,0
Bobby Dalbec,2020,25,BOS,AL,0.6,23,92,80,13,21,3,0,8,16,0,0,10,39,0.263,0.359,0.6,0.959,149.0,0.4,146.0,48,0,2,0,0,0
Adam Haseley*,2020,24,PHI,NL,0.0,40,92,79,7,22,5,0,0,13,0,0,7,17,0.278,0.348,0.342,0.69,88.0,0.326,98.0,27,3,2,3,1,1
Jordan Luplow,2020,26,CLE,AL,-0.1,29,92,78,8,15,5,1,2,8,0,1,12,19,0.192,0.304,0.359,0.663,81.0,0.288,78.0,28,3,1,0,1,0
Jason Castro*,2020,33,2TM,2LG,-0.2,27,92,80,8,15,9,0,2,9,0,0,12,33,0.188,0.293,0.375,0.668,83.0,0.294,80.0,30,2,0,0,0,0
Jason Castro*,2020,33,LAA,AL,0.0,18,62,52,5,10,4,0,2,6,0,0,10,23,0.192,0.323,0.385,0.707,93.0,0.314,92.0,20,1,0,0,0,0
Jason Castro*,2020,33,SDP,NL,-0.2,9,30,28,3,5,5,0,0,3,0,0,2,10,0.179,0.233,0.357,0.59,61.0,0.253,54.0,10,1,0,0,0,0
Josh Harrison,2020,32,WSN,NL,0.3,33,91,79,11,22,2,0,3,14,1,2,6,12,0.278,0.352,0.418,0.769,108.0,0.329,107.0,33,2,4,0,2,0
Andrew Knapp#,2020,28,PHI,NL,0.8,33,89,72,9,20,4,1,2,15,0,0,15,19,0.278,0.404,0.444,0.849,130.0,0.383,137.0,32,1,1,0,1,0
Kevin Plawecki,2020,29,BOS,AL,0.6,24,89,82,8,28,5,1,1,17,1,0,5,14,0.341,0.393,0.463,0.857,128.0,0.385,133.0,38,4,2,0,0,0
Phil Ervin,2020,27,2TM,2LG,0.0,37,89,74,10,11,3,0,0,4,1,0,14,22,0.149,0.292,0.189,0.481,35.0,0.252,45.0,14,2,1,0,0,0
Phil Ervin,2020,27,CIN,NL,-0.3,19,42,35,5,3,0,0,0,0,1,0,6,8,0.086,0.238,0.086,0.324,-10.0,0.205,2.0,3,1,1,0,0,0
Phil Ervin,2020,27,SEA,AL,0.3,18,47,39,5,8,3,0,0,4,0,0,8,14,0.205,0.34,0.282,0.622,79.0,0.293,84.0,11,1,0,0,0,0
Ronald Guzmán*,2020,25,TEX,AL,0.5,26,86,78,10,19,1,1,4,9,1,0,7,24,0.244,0.314,0.436,0.75,105.0,0.347,115.0,34,0,1,0,0,0
Myles Straw,2020,25,HOU,AL,-0.5,33,86,82,8,17,4,0,0,8,6,2,4,22,0.207,0.244,0.256,0.5,37.0,0.237,35.0,21,0,0,0,0,0
Ryan McBroom,2020,28,KCR,AL,0.0,36,85,81,8,20,3,0,6,10,0,0,4,30,0.247,0.282,0.506,0.789,107.0,0.341,108.0,41,2,0,0,0,0
Mike Ford*,2020,27,NYY,AL,-0.5,29,84,74,5,10,4,0,2,11,0,0,7,16,0.135,0.226,0.27,0.496,38.0,0.243,47.0,20,4,2,0,1,0
Domingo Santana,2020,27,CLE,AL,-0.3,24,84,70,6,11,3,0,2,12,0,0,13,25,0.157,0.298,0.286,0.583,62.0,0.271,62.0,20,2,1,0,0,0
Mike Zunino,2020,29,TBR,AL,-0.1,28,84,75,8,11,4,0,4,10,0,0,6,37,0.147,0.238,0.36,0.598,66.0,0.261,62.0,27,0,3,0,0,0
Edwin Ríos*,2020,26,LAD,NL,0.6,32,83,76,13,19,6,0,8,17,0,0,4,18,0.25,0.301,0.645,0.946,147.0,0.394,146.0,49,2,2,0,1,0
Jose Trevino,2020,27,TEX,AL,0.4,24,83,76,10,19,8,0,2,9,0,0,3,15,0.25,0.28,0.434,0.715,94.0,0.311,92.0,33,1,1,1,2,0
Austin Hedges,2020,27,2TM,2LG,-0.1,35,83,69,7,10,1,0,3,6,1,1,6,23,0.145,0.231,0.29,0.521,44.0,0.23,38.0,20,3,2,5,1,0
Austin Hedges,2020,27,SDP,NL,0.0,29,71,57,7,9,1,0,3,6,1,1,6,18,0.158,0.258,0.333,0.591,63.0,0.258,58.0,19,3,2,5,1,0
Austin Hedges,2020,27,CLE,AL,-0.1,6,12,12,0,1,0,0,0,0,0,0,0,5,0.083,0.083,0.083,0.167,-54.0,0.075,-75.0,1,0,0,0,0,0
Tim Locastro,2020,27,ARI,NL,0.7,33,82,69,15,20,4,1,2,7,4,0,8,14,0.29,0.395,0.464,0.859,133.0,0.399,142.0,32,0,4,1,0,0
José Osuna,2020,27,PIT,NL,-0.1,26,82,78,6,16,3,0,4,11,0,1,4,16,0.205,0.244,0.397,0.641,71.0,0.278,70.0,31,1,0,0,0,0
Dee Strange-Gordon*,2020,32,SEA,AL,-0.5,33,82,75,12,15,1,0,0,3,3,2,5,13,0.2,0.268,0.213,0.482,39.0,0.231,43.0,16,1,2,0,0,0
Robinson Chirinos,2020,36,2TM,2LG,-0.7,26,82,74,4,12,3,0,1,7,0,0,6,21,0.162,0.232,0.243,0.475,32.0,0.216,26.0,18,5,1,0,1,0
Robinson Chirinos,2020,36,TEX,AL,-0.7,14,49,42,3,5,1,0,0,2,0,0,5,12,0.119,0.224,0.143,0.367,5.0,0.185,4.0,6,3,1,0,1,0
Robinson Chirinos,2020,36,NYM,NL,-0.1,12,33,32,1,7,2,0,1,5,0,0,1,9,0.219,0.242,0.375,0.617,67.0,0.262,58.0,12,2,0,0,0,0
Mitch Garver,2020,29,MIN,AL,0.0,23,81,72,8,12,1,0,2,5,0,0,7,37,0.167,0.247,0.264,0.511,42.0,0.242,45.0,19,1,1,0,1,0
Sandy León#,2020,31,CLE,AL,-0.1,25,81,66,4,9,1,0,2,4,0,0,14,21,0.136,0.296,0.242,0.539,51.0,0.258,53.0,16,2,1,0,0,0
Stephen Vogt*,2020,35,ARI,NL,0.0,26,81,72,6,12,5,0,1,7,0,0,8,18,0.167,0.247,0.278,0.525,43.0,0.248,44.0,20,1,0,0,1,0
Jonathan Araúz#,2020,21,BOS,AL,-0.1,25,80,72,8,18,2,0,1,9,0,0,8,21,0.25,0.325,0.319,0.644,73.0,0.293,71.0,23,0,0,0,0,0
Tyler Flowers,2020,34,ATL,NL,0.4,22,80,69,5,15,6,0,1,5,0,0,8,34,0.217,0.325,0.348,0.673,78.0,0.304,77.0,24,1,3,0,0,0
Josh VanMeter*,2020,25,2TM,NL,-0.1,26,79,70,9,9,3,0,2,6,1,0,7,24,0.129,0.228,0.257,0.485,29.0,0.237,31.0,18,0,2,0,0,0
Josh VanMeter*,2020,25,CIN,NL,-0.3,14,38,34,3,2,1,0,1,1,1,0,3,16,0.059,0.158,0.176,0.334,-13.0,0.165,-27.0,6,0,1,0,0,0
Josh VanMeter*,2020,25,ARI,NL,0.3,12,41,36,6,7,2,0,1,5,0,0,4,8,0.194,0.293,0.333,0.626,70.0,0.304,84.0,12,0,1,0,0,0
Nick Senzel,2020,25,CIN,NL,-0.2,23,78,70,8,13,6,0,2,8,2,1,6,15,0.186,0.247,0.357,0.604,55.0,0.259,42.0,25,2,0,0,1,0
Luis Torrens,2020,24,2TM,2LG,-0.1,25,78,70,5,18,5,0,1,6,0,0,7,15,0.257,0.325,0.371,0.696,96.0,0.308,94.0,26,1,0,1,0,0
Luis Torrens,2020,24,SDP,NL,-0.1,7,13,11,0,3,1,0,0,0,0,0,1,2,0.273,0.333,0.364,0.697,95.0,0.312,95.0,4,0,0,1,0,0
Luis Torrens,2020,24,SEA,AL,0.0,18,65,59,5,15,4,0,1,6,0,0,6,13,0.254,0.323,0.373,0.696,96.0,0.308,94.0,22,1,0,0,0,0
Anderson Tejeda#,2020,22,TEX,AL,0.4,23,77,75,7,19,4,1,3,8,4,1,2,30,0.253,0.273,0.453,0.726,96.0,0.312,89.0,34,2,0,0,0,0
Andrew Velazquez#,2020,25,BAL,AL,0.2,40,77,63,11,10,1,1,0,3,4,2,10,23,0.159,0.274,0.206,0.48,34.0,0.237,34.0,13,2,0,4,0,0
Randy Arozarena,2020,25,TBR,AL,0.9,23,76,64,15,18,2,0,7,11,4,0,6,22,0.281,0.382,0.641,1.022,182.0,0.433,174.0,41,2,5,0,1,0
Nathaniel Lowe*,2020,24,TBR,AL,0.3,21,76,67,10,15,2,0,4,11,1,0,9,28,0.224,0.316,0.433,0.749,109.0,0.319,100.0,29,2,0,0,0,2
Derek Dietrich*,2020,30,TEX,AL,0.2,25,75,61,9,12,1,0,5,8,1,1,9,21,0.197,0.347,0.459,0.806,121.0,0.359,128.0,28,4,5,0,0,0
Elias Díaz,2020,29,COL,NL,0.0,26,73,68,4,16,2,0,2,9,0,0,5,15,0.235,0.288,0.353,0.641,63.0,0.295,64.0,24,4,0,0,0,0
Dwight Smith Jr.*,2020,27,BAL,AL,-0.5,21,72,63,9,14,3,0,2,6,1,0,7,19,0.222,0.306,0.365,0.671,82.0,0.29,71.0,23,1,1,0,1,1
Greg Garcia*,2020,30,SDP,NL,-0.2,35,71,60,6,12,3,0,0,11,1,0,7,18,0.2,0.279,0.25,0.529,50.0,0.247,45.0,15,0,0,3,1,0
Vimael Machín*,2020,26,OAK,AL,-0.4,24,71,63,11,13,2,0,0,0,0,0,8,10,0.206,0.296,0.238,0.534,53.0,0.265,63.0,15,4,0,0,0,0
Kyle Farmer,2020,29,CIN,NL,0.4,32,70,64,4,17,3,0,0,4,1,0,5,13,0.266,0.329,0.313,0.641,69.0,0.307,74.0,20,0,1,0,0,0
Josh Rojas*,2020,26,ARI,NL,-0.3,17,70,61,9,11,0,0,0,2,1,1,7,16,0.18,0.257,0.18,0.437,22.0,0.217,26.0,11,1,0,0,2,0
Gavin Lux*,2020,22,LAD,NL,0.6,19,69,63,8,11,2,0,3,8,1,0,6,19,0.175,0.246,0.349,0.596,59.0,0.276,61.0,22,0,0,0,0,0
JT Riddle*,2020,28,PIT,NL,-0.8,23,69,67,8,10,2,0,1,1,1,0,2,13,0.149,0.174,0.224,0.398,8.0,0.204,13.0,15,0,0,0,0,0
Jose Barrero,2020,22,CIN,NL,-0.7,24,68,67,4,13,0,0,0,2,1,1,1,26,0.194,0.206,0.194,0.4,6.0,0.174,-13.0,13,1,0,0,0,0
Luis Guillorme*,2020,25,NYM,NL,0.7,29,68,57,6,19,6,0,0,9,2,0,10,17,0.333,0.426,0.439,0.865,140.0,0.39,143.0,25,3,0,0,1,0
Jeff Mathis,2020,37,TEX,AL,0.5,24,68,62,6,10,1,1,3,9,1,0,5,24,0.161,0.221,0.355,0.575,56.0,0.249,46.0,22,0,0,0,1,0
Santiago Espinal,2020,25,TOR,AL,0.4,26,66,60,10,16,4,0,0,6,1,0,4,16,0.267,0.308,0.333,0.641,77.0,0.301,81.0,20,1,0,1,1,0
Jarrod Dyson*,2020,35,2TM,2LG,-0.8,32,66,61,9,11,0,0,0,5,6,0,4,11,0.18,0.231,0.18,0.411,15.0,0.214,7.0,11,0,0,1,0,0
Jarrod Dyson*,2020,35,PIT,NL,-0.6,21,55,51,6,8,0,0,0,5,4,0,4,10,0.157,0.218,0.157,0.375,5.0,0.196,-2.0,8,0,0,0,0,0
Jarrod Dyson*,2020,35,CHW,AL,-0.2,11,11,10,3,3,0,0,0,0,2,0,0,1,0.3,0.3,0.3,0.6,67.0,0.317,59.0,3,0,0,1,0,0
Miguel Andujar,2020,25,NYY,AL,-0.4,21,65,62,5,15,2,1,1,5,0,0,3,9,0.242,0.277,0.355,0.632,75.0,0.287,77.0,22,1,0,0,0,0
Bubba Starling,2020,27,KCR,AL,-0.7,35,64,59,5,10,1,0,1,5,0,0,4,27,0.169,0.219,0.237,0.456,24.0,0.219,23.0,14,0,0,0,1,0
Chadwick Tromp,2020,25,SFG,NL,-0.2,24,64,61,11,13,1,0,4,10,0,0,1,20,0.213,0.219,0.426,0.645,72.0,0.278,69.0,26,3,0,0,2,0
Starlin Castro,2020,30,WSN,NL,0.3,16,63,60,9,16,3,1,2,4,0,0,3,13,0.267,0.302,0.45,0.752,100.0,0.335,105.0,27,0,0,0,0,0
Leury García#,2020,29,CHW,AL,0.6,16,63,59,6,16,1,0,3,8,0,0,4,9,0.271,0.317,0.441,0.758,106.0,0.34,111.0,26,0,0,0,0,0
Adeiny Hechavarría,2020,31,ATL,NL,-0.2,27,63,59,7,15,3,0,0,2,0,0,4,12,0.254,0.302,0.305,0.607,61.0,0.285,63.0,18,1,0,0,0,0
John Ryan Murphy,2020,29,PIT,NL,-0.3,25,63,58,6,10,2,0,0,2,0,0,4,28,0.172,0.226,0.207,0.433,20.0,0.2,11.0,12,1,0,1,0,0
Danny Santana#,2020,29,TEX,AL,-0.1,15,63,55,6,8,4,0,1,7,2,0,7,24,0.145,0.238,0.273,0.511,41.0,0.238,36.0,15,1,0,0,1,0
Alex Avila*,2020,33,MIN,AL,0.4,23,62,49,6,9,2,0,1,2,0,0,11,22,0.184,0.355,0.286,0.641,82.0,0.305,88.0,14,2,2,0,0,0
Francisco Cervelli,2020,34,MIA,NL,0.8,16,62,53,10,13,2,0,3,7,1,0,8,14,0.245,0.355,0.453,0.808,117.0,0.401,147.0,24,3,1,0,0,0
Jazz Chisholm Jr.*,2020,22,MIA,NL,-0.1,21,62,56,8,9,1,1,2,6,2,2,5,19,0.161,0.242,0.321,0.563,51.0,0.255,55.0,18,0,1,0,0,0
Ryan Jeffers,2020,23,MIN,AL,0.3,26,62,55,5,15,0,0,3,7,0,0,5,19,0.273,0.355,0.436,0.791,119.0,0.362,129.0,24,0,2,0,0,0
Jace Peterson*,2020,30,MIL,NL,0.1,26,61,45,6,9,1,0,2,5,1,0,15,20,0.2,0.393,0.356,0.749,104.0,0.346,106.0,16,0,0,0,1,0
Chad Pinder,2020,28,OAK,AL,0.0,24,61,56,8,13,3,0,2,8,0,0,5,13,0.232,0.295,0.393,0.688,91.0,0.299,87.0,22,3,0,0,0,0
Anthony Bemboom*,2020,30,LAA,AL,0.4,21,60,48,9,10,1,0,3,5,0,1,7,13,0.208,0.328,0.417,0.744,103.0,0.314,98.0,20,0,2,2,1,0
Cam Gallagher,2020,27,KCR,AL,0.5,25,60,53,10,15,5,0,1,3,0,0,6,11,0.283,0.356,0.434,0.79,113.0,0.346,112.0,23,0,0,1,0,0
Daz Cameron,2020,23,DET,AL,-0.5,17,59,57,4,11,2,1,0,3,1,0,2,19,0.193,0.22,0.263,0.483,33.0,0.23,31.0,15,1,0,0,0,0
Aledmys Díaz,2020,29,HOU,AL,0.1,17,59,58,8,14,5,0,3,6,0,0,1,12,0.241,0.254,0.483,0.737,95.0,0.308,87.0,28,1,0,0,0,0
Brett Phillips*,2020,26,2TM,AL,0.3,35,59,51,10,10,0,2,2,5,6,1,8,15,0.196,0.305,0.392,0.697,91.0,0.335,97.0,20,0,0,0,0,0
Brett Phillips*,2020,26,KCR,AL,0.0,18,34,31,8,7,0,1,1,2,3,1,3,8,0.226,0.294,0.387,0.681,83.0,0.327,94.0,12,0,0,0,0,0
Brett Phillips*,2020,26,TBR,AL,0.3,17,25,20,2,3,0,1,1,3,3,0,5,7,0.15,0.32,0.4,0.72,102.0,0.345,102.0,8,0,0,0,0,0
Jon Jay*,2020,35,ARI,NL,-0.5,18,57,50,5,8,1,0,1,4,0,0,3,12,0.16,0.211,0.24,0.451,22.0,0.201,12.0,12,0,1,0,3,0
Tzu-Wei Lin*,2020,26,BOS,AL,-0.5,26,57,52,2,8,1,0,0,3,0,0,2,17,0.154,0.182,0.173,0.355,-4.0,0.175,-16.0,9,1,0,2,1,0
Aristides Aquino,2020,26,CIN,NL,-0.1,23,56,47,7,8,1,0,2,8,1,0,6,18,0.17,0.304,0.319,0.623,63.0,0.308,74.0,15,1,3,0,0,0
Hunter Pence,2020,37,SFG,NL,-0.5,17,56,52,4,5,0,1,2,6,0,0,3,15,0.096,0.161,0.25,0.411,11.0,0.181,2.0,13,3,1,0,0,0
Chris Davis*,2020,34,BAL,AL,-1.0,16,55,52,3,6,3,0,0,1,0,0,3,17,0.115,0.164,0.173,0.337,-8.0,0.153,-23.0,9,0,0,0,0,0
Grayson Greiner,2020,27,DET,AL,-0.3,18,55,51,8,6,2,0,3,8,0,0,3,20,0.118,0.182,0.333,0.515,38.0,0.22,28.0,17,2,1,0,0,0
Christian Arroyo,2020,25,2TM,AL,0.2,15,54,50,7,12,1,0,3,8,0,0,4,11,0.24,0.296,0.44,0.736,93.0,0.314,86.0,22,2,0,0,0,0
Christian Arroyo,2020,25,CLE,AL,0.0,1,0,0,0,0,0,0,0,0,0,0,0,0,,,,,,,,0,0,0,0,0,0
Christian Arroyo,2020,25,BOS,AL,0.2,14,54,50,7,12,1,0,3,8,0,0,4,11,0.24,0.296,0.44,0.736,93.0,0.314,86.0,22,2,0,0,0,0
Matt Beaty*,2020,27,LAD,NL,-0.4,21,54,50,8,11,1,0,2,5,0,0,2,14,0.22,0.278,0.36,0.638,72.0,0.277,65.0,18,3,2,0,0,0
Harold Castro*,2020,26,DET,AL,0.4,22,54,49,6,17,4,0,0,3,0,0,5,11,0.347,0.407,0.429,0.836,131.0,0.37,132.0,21,1,0,0,0,0
Sam Haggerty#,2020,26,SEA,AL,0.2,13,54,50,7,13,4,0,1,6,4,0,4,16,0.26,0.315,0.4,0.715,100.0,0.347,109.0,20,0,0,0,0,0
Scott Heineman,2020,27,TEX,AL,-0.3,24,54,52,6,8,3,0,1,7,3,0,2,11,0.154,0.185,0.269,0.454,24.0,0.209,12.0,14,1,0,0,0,0
Jacob Nottingham,2020,25,MIL,NL,0.5,20,54,48,8,9,1,0,4,13,0,0,5,20,0.188,0.278,0.458,0.736,93.0,0.327,96.0,22,1,1,0,0,0
Ildemaro Vargas#,2020,28,3TM,2LG,-0.5,24,54,51,6,10,1,1,1,3,0,0,2,10,0.196,0.222,0.314,0.536,45.0,0.227,32.0,16,2,0,0,1,0
Ildemaro Vargas#,2020,28,2TM,NL,-0.3,14,30,29,3,5,0,0,1,1,0,0,1,8,0.172,0.2,0.276,0.476,27.0,0.206,15.0,8,1,0,0,0,0
Ildemaro Vargas#,2020,28,ARI,NL,-0.4,8,21,20,2,3,0,0,0,0,0,0,1,5,0.15,0.19,0.15,0.34,-5.0,0.158,-18.0,3,1,0,0,0,0
Ildemaro Vargas#,2020,28,MIN,AL,-0.2,10,24,22,3,5,1,1,0,2,0,0,1,2,0.227,0.25,0.364,0.614,68.0,0.254,53.0,8,1,0,0,1,0
Ildemaro Vargas#,2020,28,CHC,NL,0.0,6,9,9,1,2,0,0,1,1,0,0,0,3,0.222,0.222,0.556,0.778,100.0,0.318,92.0,5,0,0,0,0,0
Magneuris Sierra*,2020,24,MIA,NL,0.4,19,53,44,8,11,3,1,0,7,4,1,5,9,0.25,0.333,0.364,0.697,89.0,0.331,95.0,16,0,1,2,1,0
Andrew Benintendi*,2020,25,BOS,AL,-0.1,14,52,39,4,4,1,0,0,1,1,2,11,17,0.103,0.314,0.128,0.442,25.0,0.239,43.0,5,1,1,1,0,0
C.J. Cron,2020,30,DET,AL,0.3,13,52,42,9,8,3,0,4,8,0,0,9,16,0.19,0.346,0.548,0.894,141.0,0.374,135.0,23,2,1,0,0,0
Thairo Estrada,2020,24,NYY,AL,-0.1,26,52,48,8,8,0,0,1,3,1,0,1,19,0.167,0.231,0.229,0.46,29.0,0.236,39.0,11,0,3,0,0,0
Eli White,2020,26,TEX,AL,-0.3,19,52,48,5,9,2,0,0,3,1,1,3,16,0.188,0.231,0.229,0.46,28.0,0.203,21.0,11,0,0,0,1,0
Matt Adams*,2020,31,ATL,NL,-0.4,16,51,49,4,9,2,0,2,9,0,0,2,18,0.184,0.216,0.347,0.563,45.0,0.257,44.0,17,3,0,0,0,0
Monte Harrison,2020,24,MIA,NL,-0.2,32,51,47,8,8,1,0,1,3,6,0,4,26,0.17,0.235,0.255,0.491,33.0,0.246,23.0,12,0,0,0,0,0
Tyler Heineman#,2020,29,SFG,NL,0.1,15,50,42,3,8,1,0,0,1,1,0,4,6,0.19,0.292,0.214,0.506,44.0,0.249,44.0,9,0,2,2,0,0
Bradley Zimmer*,2020,27,CLE,AL,0.1,20,50,37,3,6,0,0,1,3,2,1,7,14,0.162,0.36,0.243,0.603,71.0,0.295,80.0,9,2,5,0,1,0
Brandon Drury,2020,27,TOR,AL,-0.9,21,49,46,3,7,1,0,0,1,0,0,2,9,0.152,0.184,0.174,0.358,0.0,0.162,-13.0,8,0,0,0,1,0
Kyle Higashioka,2020,30,NYY,AL,0.4,16,48,48,7,12,1,0,4,10,0,0,0,11,0.25,0.25,0.521,0.771,107.0,0.319,100.0,25,0,0,0,0,0
Chad Wallach,2020,28,MIA,NL,0.2,15,48,44,4,10,3,0,1,6,0,0,3,12,0.227,0.277,0.364,0.64,71.0,0.296,76.0,16,1,0,1,0,0
Matt Davidson,2020,29,CIN,NL,-0.3,20,47,43,3,7,1,0,3,11,0,0,4,13,0.163,0.234,0.395,0.629,60.0,0.269,50.0,17,2,0,0,0,0
Jack Mayfield,2020,29,HOU,AL,-0.2,21,47,42,5,8,1,0,0,3,0,0,2,14,0.19,0.239,0.214,0.453,26.0,0.21,16.0,9,1,1,1,1,0
Mallex Smith*,2020,27,SEA,AL,-0.5,14,47,45,2,6,2,0,0,3,2,0,2,13,0.133,0.17,0.178,0.348,-2.0,0.184,1.0,8,1,0,0,0,0
Andrew Stevenson*,2020,26,WSN,NL,0.8,15,47,41,11,15,7,1,2,12,2,0,5,11,0.366,0.447,0.732,1.179,212.0,0.495,209.0,30,0,1,0,0,0
Dustin Garneau,2020,32,HOU,AL,-0.4,17,46,38,4,6,0,1,1,4,0,0,6,15,0.158,0.273,0.289,0.562,54.0,0.255,48.0,11,1,0,2,0,0
Phillip Evans,2020,27,PIT,NL,0.0,11,45,39,6,14,2,0,1,9,0,1,5,7,0.359,0.444,0.487,0.932,155.0,0.395,156.0,19,1,1,0,0,0
Reese McGuire*,2020,25,TOR,AL,-0.4,19,45,41,2,3,0,0,1,1,0,0,0,11,0.073,0.073,0.146,0.22,-42.0,0.112,-63.0,6,1,0,4,0,0
Yairo Muñoz,2020,25,BOS,AL,0.6,12,45,45,6,15,5,0,1,4,2,0,0,11,0.333,0.333,0.511,0.844,121.0,0.369,117.0,23,1,0,0,0,0
Manny Piña,2020,33,MIL,NL,0.6,15,45,39,4,9,1,0,2,5,0,0,3,11,0.231,0.333,0.41,0.744,98.0,0.33,99.0,16,0,3,0,0,0
Joseph Odom,2020,28,SEA,AL,-0.2,18,44,39,2,5,0,0,0,2,0,0,4,20,0.128,0.209,0.128,0.338,-1.0,0.209,23.0,5,1,0,1,0,0
Chris Owings,2020,28,COL,NL,0.2,17,44,41,9,11,1,0,2,5,1,0,3,11,0.268,0.318,0.439,0.757,91.0,0.332,86.0,18,0,0,0,0,0
Pavin Smith*,2020,24,ARI,NL,0.2,12,44,37,7,10,0,1,1,4,1,0,5,8,0.27,0.341,0.405,0.746,102.0,0.322,92.0,15,0,0,0,2,0
LaMonte Wade Jr.*,2020,26,MIN,AL,0.0,16,44,39,3,9,3,0,0,1,1,1,4,9,0.231,0.318,0.308,0.626,76.0,0.276,73.0,12,0,1,0,0,0
Drew Butera,2020,36,COL,NL,-0.2,28,43,39,4,6,2,0,0,4,0,0,2,11,0.154,0.19,0.205,0.396,2.0,0.197,-7.0,8,3,0,1,1,0
Mike Freeman*,2020,32,CLE,AL,-0.1,24,43,38,5,9,3,0,0,3,0,0,3,11,0.237,0.302,0.316,0.618,70.0,0.275,65.0,12,0,1,0,1,0
Franchy Cordero*,2020,25,KCR,AL,0.0,16,42,38,7,8,3,0,2,7,1,0,4,4,0.211,0.286,0.447,0.733,94.0,0.316,87.0,17,1,0,0,0,0
Francisco Mejia#,2020,24,SDP,NL,-0.3,17,42,39,5,3,1,0,1,2,0,0,1,9,0.077,0.143,0.179,0.322,-11.0,0.149,-18.0,7,1,2,0,0,0
Eddy Alvarez*,2020,30,MIA,NL,0.0,12,41,37,6,7,1,0,0,2,2,0,3,16,0.189,0.268,0.216,0.485,34.0,0.258,42.0,8,0,1,0,0,0
Lewin Díaz*,2020,23,MIA,NL,-0.3,14,41,39,2,6,2,0,0,3,0,0,2,12,0.154,0.195,0.205,0.4,9.0,0.182,-2.0,8,2,0,0,0,0
Jonah Heim#,2020,25,OAK,AL,0.1,13,41,38,5,8,0,0,0,5,0,0,3,3,0.211,0.268,0.211,0.479,37.0,0.224,34.0,8,1,0,0,0,0
Rangel Ravelo,2020,28,STL,NL,-0.2,13,41,35,5,6,1,0,1,6,0,0,4,6,0.171,0.244,0.286,0.53,47.0,0.232,39.0,10,0,0,0,2,0
Tyrone Taylor,2020,26,MIL,NL,0.2,22,41,38,6,9,4,0,2,6,0,0,2,8,0.237,0.293,0.5,0.793,107.0,0.332,100.0,19,1,1,0,0,0
Neil Walker#,2020,34,PHI,NL,-0.1,18,41,39,5,9,3,0,0,3,0,0,1,13,0.231,0.244,0.308,0.552,48.0,0.239,37.0,12,0,0,0,1,0
Matt Wieters#,2020,34,STL,NL,0.0,19,41,35,3,7,1,0,0,4,0,0,3,10,0.2,0.3,0.229,0.529,50.0,0.253,52.0,8,1,2,1,0,0
Lane Thomas,2020,24,STL,NL,-0.2,18,40,36,5,4,2,0,1,2,0,0,4,13,0.111,0.2,0.25,0.45,24.0,0.204,19.0,9,1,0,0,0,0
Derek Fisher*,2020,26,TOR,AL,-0.4,16,39,31,5,7,2,1,1,7,0,1,7,11,0.226,0.359,0.452,0.811,122.0,0.333,115.0,14,0,0,0,1,0
Logan Forsythe,2020,33,MIA,NL,-0.3,12,38,34,2,4,1,0,1,2,0,0,4,12,0.118,0.211,0.235,0.446,21.0,0.203,12.0,8,0,0,0,0,0
Kevan Smith,2020,32,TBR,AL,0.3,17,38,31,3,8,3,0,1,8,0,0,5,11,0.258,0.378,0.452,0.83,134.0,0.362,134.0,14,1,1,0,0,0
Steven Duggar*,2020,26,SFG,NL,-0.4,21,36,34,3,6,2,0,0,3,1,0,1,11,0.176,0.222,0.235,0.458,27.0,0.212,20.0,8,1,1,0,0,0
Mark Mathias,2020,25,MIL,NL,0.1,16,36,36,2,10,3,0,0,4,1,0,0,7,0.278,0.278,0.361,0.639,70.0,0.329,93.0,13,0,0,0,0,0
Billy Hamilton,2020,29,2TM,NL,0.0,31,36,32,10,4,0,0,1,2,6,2,2,7,0.125,0.171,0.219,0.39,6.0,0.184,-9.0,7,0,0,1,1,0
Billy Hamilton,2020,29,NYM,NL,-0.1,17,25,22,4,1,0,0,0,1,3,1,1,3,0.045,0.083,0.045,0.129,-63.0,0.075,-84.0,1,0,0,1,1,0
Billy Hamilton,2020,29,CHC,NL,0.2,14,11,10,6,3,0,0,1,1,3,1,1,4,0.3,0.364,0.6,0.964,154.0,0.423,154.0,6,0,0,0,0,0
Guillermo Heredia,2020,29,2TM,NL,0.1,15,36,33,6,7,0,0,2,5,1,0,3,9,0.212,0.278,0.394,0.672,82.0,0.299,78.0,13,0,0,0,0,0
Guillermo Heredia,2020,29,PIT,NL,0.0,8,18,16,2,3,0,0,0,2,1,0,2,4,0.188,0.278,0.188,0.465,31.0,0.241,32.0,3,0,0,0,0,0
Guillermo Heredia,2020,29,NYM,NL,0.1,7,18,17,4,4,0,0,2,3,0,0,1,5,0.235,0.278,0.588,0.866,130.0,0.357,124.0,10,0,0,0,0,0
Albert Almora,2020,26,CHC,NL,-0.1,28,34,30,4,5,1,0,0,1,0,0,3,9,0.167,0.265,0.2,0.465,29.0,0.223,26.0,6,0,1,0,0,0
Braden Bishop,2020,26,SEA,AL,0.1,12,34,30,2,5,2,0,0,4,1,0,2,10,0.167,0.242,0.233,0.476,35.0,0.255,51.0,7,0,1,1,0,0
Yoenis Céspedes,2020,34,NYM,NL,-0.1,8,34,31,3,5,1,0,2,4,0,0,2,15,0.161,0.235,0.387,0.622,68.0,0.294,81.0,12,1,1,0,0,0
Jonathan Davis,2020,28,TOR,AL,0.4,13,34,27,4,7,2,0,1,6,1,0,3,11,0.259,0.364,0.444,0.808,121.0,0.358,120.0,12,1,2,0,1,0
Jake Marisnick,2020,29,NYM,NL,0.2,16,34,33,4,11,3,0,2,5,0,0,1,10,0.333,0.353,0.606,0.959,158.0,0.419,168.0,20,0,0,0,0,0
Rob Refsnyder,2020,29,TEX,AL,0.0,15,34,30,4,6,1,0,0,1,0,0,2,11,0.2,0.265,0.233,0.498,40.0,0.228,34.0,7,0,1,0,1,0
Andrew Young,2020,26,ARI,NL,-0.1,12,34,26,3,5,2,0,1,4,0,0,5,10,0.192,0.382,0.385,0.767,110.0,0.352,116.0,10,0,3,0,0,0
Travis Demeritte,2020,25,DET,AL,0.0,18,33,29,5,5,1,0,0,4,0,0,3,14,0.172,0.273,0.207,0.48,36.0,0.232,36.0,6,0,1,0,0,0
Bryan Holaday,2020,32,BAL,AL,-0.3,20,33,31,5,5,1,0,0,4,0,0,2,9,0.161,0.212,0.194,0.406,12.0,0.21,17.0,6,1,0,0,0,0
Sam Huff,2020,22,TEX,AL,0.5,10,33,31,5,11,3,0,3,4,0,0,2,11,0.355,0.394,0.742,1.136,204.0,0.47,203.0,23,0,0,0,0,0
Wyatt Mathisen,2020,26,ARI,NL,0.2,9,33,27,5,6,0,0,2,5,0,0,5,12,0.222,0.364,0.444,0.808,118.0,0.354,118.0,12,0,1,0,0,0
Austin Allen*,2020,26,OAK,AL,-0.2,14,32,31,1,6,1,0,1,3,0,0,1,14,0.194,0.219,0.323,0.541,49.0,0.234,42.0,10,0,0,0,0,0
Greg Allen#,2020,27,2TM,2LG,0.1,16,32,26,4,4,1,0,1,4,2,0,3,10,0.154,0.281,0.308,0.589,62.0,0.283,61.0,8,0,2,0,1,0
Greg Allen#,2020,27,CLE,AL,0.0,15,28,25,3,4,1,0,1,4,1,0,1,9,0.16,0.214,0.32,0.534,44.0,0.238,33.0,8,0,1,0,1,0
Greg Allen#,2020,27,SDP,NL,0.1,1,4,1,1,0,0,0,0,0,1,0,2,1,0.0,0.75,0.0,0.75,138.0,0.594,253.0,0,0,1,0,0,0
Steven Souza Jr.,2020,31,CHC,NL,0.0,11,31,27,3,4,2,0,1,5,1,0,4,15,0.148,0.258,0.333,0.591,58.0,0.267,52.0,9,0,0,0,0,0
Erik Kratz,2020,40,NYY,AL,0.4,16,30,28,2,9,2,0,0,4,0,0,2,6,0.321,0.367,0.393,0.76,113.0,0.338,113.0,11,0,0,0,0,0
Jake Fraley*,2020,25,SEA,AL,0.0,7,29,26,3,4,1,1,0,0,2,1,2,11,0.154,0.241,0.269,0.511,44.0,0.227,39.0,7,0,1,0,0,0
Jesús Sánchez*,2020,22,MIA,NL,-0.5,10,29,25,1,1,1,0,0,2,0,0,4,11,0.04,0.172,0.08,0.252,-28.0,0.14,-32.0,2,1,0,0,0,0
Anthony Alford,2020,25,2TM,2LG,-0.2,18,29,28,5,6,0,1,2,7,3,0,1,8,0.214,0.241,0.5,0.741,96.0,0.324,83.0,14,0,0,0,0,0
Anthony Alford,2020,25,TOR,AL,-0.2,13,16,16,3,3,0,0,1,3,3,0,0,7,0.188,0.188,0.375,0.563,49.0,0.268,30.0,6,0,0,0,0,0
Anthony Alford,2020,25,PIT,NL,-0.1,5,13,12,2,3,0,1,1,4,0,0,1,1,0.25,0.308,0.667,0.974,155.0,0.393,147.0,8,0,0,0,0,0
Yadiel Hernández*,2020,32,WSN,NL,-0.1,12,28,26,3,5,3,0,1,6,0,0,1,12,0.192,0.214,0.423,0.637,67.0,0.26,52.0,11,0,0,0,1,0
Jorge Mateo,2020,25,SDP,NL,-0.4,22,28,26,4,4,3,0,0,2,1,0,1,11,0.154,0.185,0.269,0.454,25.0,0.205,12.0,7,1,0,1,0,0
Logan Morrison*,2020,32,MIL,NL,-0.2,9,28,25,3,3,1,0,1,2,0,0,3,8,0.12,0.214,0.28,0.494,31.0,0.222,23.0,7,0,0,0,0,0
Franklin Barreto,2020,24,2TM,AL,-0.5,21,28,27,5,2,0,0,0,2,1,0,0,15,0.074,0.107,0.074,0.181,-48.0,0.099,-63.0,2,0,1,0,0,0
Franklin Barreto,2020,24,OAK,AL,-0.2,15,10,10,5,0,0,0,0,0,0,0,0,7,0.0,0.0,0.0,0.0,-100.0,0.0,-123.0,0,0,0,0,0,0
Franklin Barreto,2020,24,LAA,AL,-0.2,6,18,17,0,2,0,0,0,2,1,0,0,8,0.118,0.167,0.118,0.284,-20.0,0.153,-29.0,2,0,1,0,0,0
Ramón Urías,2020,26,BAL,AL,0.1,10,27,25,3,9,2,0,1,3,0,0,2,6,0.36,0.407,0.56,0.967,160.0,0.416,161.0,14,1,0,0,0,0
Tomás Nido,2020,26,NYM,NL,0.2,7,26,24,4,7,1,0,2,6,0,0,2,6,0.292,0.346,0.583,0.929,150.0,0.384,143.0,14,2,0,0,0,0
Alejandro Kirk,2020,21,TOR,AL,0.2,9,25,24,4,9,2,0,1,3,0,0,1,4,0.375,0.4,0.583,0.983,166.0,0.414,163.0,14,0,0,0,0,0
Matt Thaiss*,2020,25,LAA,AL,-0.3,8,25,21,3,3,0,0,1,1,0,0,4,8,0.143,0.28,0.286,0.566,56.0,0.263,56.0,6,1,0,0,0,0
Christian Colón,2020,31,CIN,NL,-0.4,11,24,23,3,3,1,0,0,2,1,0,1,3,0.13,0.167,0.174,0.341,-11.0,0.162,-31.0,4,1,0,0,0,0
Daniel Robertson,2020,26,SFG,NL,0.1,13,24,21,4,7,0,0,0,2,0,0,3,6,0.333,0.417,0.333,0.75,112.0,0.347,117.0,7,0,0,0,0,0
Beau Taylor*,2020,30,CLE,AL,-0.2,7,24,21,1,1,0,0,0,2,0,0,2,9,0.048,0.13,0.048,0.178,-48.0,0.1,-65.0,1,0,0,1,0,0
Meibrys Viloria*,2020,23,KCR,AL,-0.2,15,24,21,1,4,1,0,0,0,0,0,2,9,0.19,0.292,0.238,0.53,47.0,0.244,41.0,5,0,1,0,0,0
Sergio Alcántara#,2020,23,DET,AL,-0.3,10,23,21,2,3,0,1,1,1,0,0,2,4,0.143,0.217,0.381,0.598,60.0,0.253,51.0,8,0,0,0,0,0
Kyle Garlick,2020,28,PHI,NL,-0.4,12,23,22,0,3,1,0,0,3,0,0,0,7,0.136,0.174,0.182,0.356,-3.0,0.203,12.0,4,0,1,0,0,0
Nicky Delmonico*,2020,27,CHW,AL,-0.4,6,22,20,0,3,0,0,0,3,0,0,2,2,0.15,0.227,0.15,0.377,8.0,0.186,3.0,3,2,0,0,0,0
Isan Díaz*,2020,24,MIA,NL,-0.3,7,22,22,3,4,0,0,0,1,0,0,0,7,0.182,0.182,0.182,0.364,-1.0,0.164,-15.0,4,0,0,0,0,0
Taylor Jones,2020,26,HOU,AL,-0.3,7,22,21,3,4,1,0,1,3,0,0,1,7,0.19,0.227,0.381,0.608,62.0,0.259,53.0,8,2,0,0,0,0
Jordy Mercer,2020,33,2TM,AL,-0.2,9,22,20,2,4,0,0,0,0,0,0,2,2,0.2,0.273,0.2,0.473,35.0,0.222,31.0,4,1,0,0,0,0
Jordy Mercer,2020,33,DET,AL,-0.1,3,9,9,1,2,0,0,0,0,0,0,0,1,0.222,0.222,0.222,0.444,23.0,0.189,6.0,2,1,0,0,0,0
Jordy Mercer,2020,33,NYY,AL,-0.1,6,13,11,1,2,0,0,0,0,0,0,2,1,0.182,0.308,0.182,0.49,42.0,0.246,48.0,2,0,0,0,0,0
Sherten Apostel,2020,21,TEX,AL,-0.5,7,21,20,1,2,1,0,0,0,0,0,1,9,0.1,0.143,0.15,0.293,-19.0,0.135,-31.0,3,0,0,0,0,0
Lorenzo Cain,2020,34,MIL,NL,0.2,5,21,18,4,6,1,0,0,2,0,0,3,2,0.333,0.429,0.389,0.817,122.0,0.357,118.0,7,1,0,0,0,1
Brendan Rodgers,2020,23,COL,NL,-0.5,7,21,21,1,2,1,0,0,2,0,0,0,6,0.095,0.095,0.143,0.238,-40.0,0.102,-70.0,3,0,0,0,0,0
Brent Rooker,2020,25,MIN,AL,0.0,7,21,19,4,6,2,0,1,5,0,0,0,5,0.316,0.381,0.579,0.96,162.0,0.409,162.0,11,0,2,0,0,0
Yolmer Sánchez#,2020,28,CHW,AL,0.3,11,21,16,7,5,3,0,1,1,0,0,5,5,0.313,0.476,0.688,1.164,216.0,0.48,209.0,11,1,0,0,0,0
Kevin Cron,2020,27,ARI,NL,-0.4,8,20,17,0,0,0,0,0,0,0,0,1,7,0.0,0.15,0.0,0.15,-54.0,0.109,-53.0,0,0,2,0,0,0
Joe Hudson,2020,29,SEA,AL,-0.2,9,20,17,0,3,0,0,0,0,0,0,2,5,0.176,0.263,0.176,0.44,28.0,0.205,18.0,3,0,0,1,0,0
Mark Payton*,2020,28,CIN,NL,-0.2,8,20,18,0,3,1,0,0,0,1,0,2,5,0.167,0.25,0.222,0.472,25.0,0.234,17.0,4,1,0,0,0,0
Tyler Stephenson,2020,23,CIN,NL,0.3,8,20,17,4,5,0,0,2,6,0,0,2,9,0.294,0.4,0.647,1.047,167.0,0.438,167.0,11,0,1,0,0,0
Eric Haase,2020,27,DET,AL,-0.1,7,19,17,1,3,0,0,0,2,0,0,1,6,0.176,0.211,0.176,0.387,9.0,0.226,32.0,3,0,0,0,1,0
Luis Alexander Basabe#,2020,23,SFG,NL,0.1,9,18,14,5,2,0,0,0,1,2,0,4,5,0.143,0.333,0.143,0.476,39.0,0.333,90.0,2,0,0,0,0,0
Zack Collins*,2020,25,CHW,AL,-0.2,9,18,16,1,1,1,0,0,0,0,0,2,5,0.063,0.167,0.125,0.292,-17.0,0.146,-24.0,2,0,0,0,0,0
Wilmer Difo#,2020,28,WSN,NL,-0.1,12,18,14,1,1,0,0,0,1,0,0,3,4,0.071,0.222,0.071,0.294,-14.0,0.167,-11.0,1,0,0,0,1,0
Nick Heath*,2020,26,KCR,AL,0.1,15,18,13,2,2,1,0,0,3,2,2,2,6,0.154,0.313,0.231,0.543,51.0,0.232,51.0,3,0,1,1,0,0
Mickey Moniak*,2020,22,PHI,NL,0.1,8,18,14,3,3,0,0,0,0,0,0,4,6,0.214,0.389,0.214,0.603,70.0,0.307,84.0,3,0,0,0,0,0
Josh Phegley,2020,32,CHC,NL,-0.1,11,18,16,4,1,0,0,1,2,0,0,1,3,0.063,0.167,0.25,0.417,11.0,0.239,37.0,4,0,1,0,0,0
Mason Williams*,2020,28,BAL,AL,-0.3,10,18,18,0,2,0,1,0,0,0,1,0,9,0.111,0.111,0.222,0.333,-13.0,0.108,-34.0,4,0,0,0,0,0
Travis Jankowski*,2020,29,CIN,NL,-0.3,16,17,15,3,1,0,0,0,0,2,1,2,7,0.067,0.176,0.067,0.243,-32.0,0.133,-42.0,1,1,0,0,0,0
Andrew Knizner,2020,25,STL,NL,-0.1,8,17,16,1,4,1,0,0,4,0,0,0,5,0.25,0.235,0.313,0.548,50.0,0.231,38.0,5,2,0,0,1,0
Jake Noll,2020,26,WSN,NL,-0.1,7,17,17,2,6,1,0,0,0,0,0,0,4,0.353,0.353,0.412,0.765,107.0,0.326,99.0,7,1,0,0,0,0
Max Schrock*,2020,25,STL,NL,0.0,11,17,17,1,3,0,0,1,1,0,0,0,6,0.176,0.176,0.353,0.529,42.0,0.221,31.0,6,0,0,0,0,0
Willians Astudillo,2020,28,MIN,AL,0.0,8,16,16,4,4,1,0,1,3,0,0,0,2,0.25,0.25,0.5,0.75,101.0,0.313,94.0,8,0,0,0,0,0
Brian Dozier,2020,33,NYM,NL,-0.4,7,16,15,1,2,0,0,0,0,0,0,1,5,0.133,0.188,0.133,0.321,-9.0,0.157,-15.0,2,1,0,0,0,0
Erick Mejia#,2020,25,KCR,AL,-0.4,8,16,14,1,1,1,0,0,0,1,0,0,7,0.071,0.071,0.143,0.214,-44.0,0.105,-92.0,2,0,0,1,0,0
Jared Oliva,2020,24,PIT,NL,-0.2,6,16,16,0,3,0,0,0,0,1,0,0,6,0.188,0.188,0.188,0.375,3.0,0.172,-18.0,3,0,0,0,0,0
Jorge Oña,2020,23,SDP,NL,0.2,5,15,12,3,3,1,0,1,2,0,0,2,7,0.25,0.4,0.583,0.983,170.0,0.476,209.0,7,0,1,0,0,0
Brandon Dixon,2020,28,DET,AL,-0.1,5,14,13,0,1,1,0,0,2,0,0,1,4,0.077,0.143,0.154,0.297,-18.0,0.138,-30.0,2,1,0,0,0,0
Donovan Walton*,2020,26,SEA,AL,-0.1,5,14,13,0,2,1,0,0,3,0,1,1,5,0.154,0.214,0.231,0.445,26.0,0.166,21.0,3,1,0,0,0,0
Abraham Almonte#,2020,31,SDP,NL,-0.2,7,13,11,0,1,0,0,0,0,1,1,2,4,0.091,0.231,0.091,0.322,-5.0,0.156,2.0,1,0,0,0,0,0
Yu Chang,2020,24,CLE,AL,0.1,10,13,11,1,2,0,0,0,1,0,0,2,4,0.182,0.308,0.182,0.49,40.0,0.238,39.0,2,2,0,0,0,0
Daniel Johnson*,2020,24,CLE,AL,-0.3,5,13,12,0,1,0,0,0,0,0,0,1,5,0.083,0.154,0.083,0.237,-32.0,0.075,-89.0,1,0,0,0,0,1
Sean Rodríguez,2020,35,MIA,NL,-0.3,4,13,13,0,2,0,0,0,0,0,0,0,6,0.154,0.154,0.154,0.308,-16.0,0.124,-42.0,2,0,0,0,0,0
Jaylin Davis,2020,25,SFG,NL,-0.2,4,12,12,2,2,0,0,1,1,0,0,0,6,0.167,0.167,0.417,0.583,54.0,0.238,42.0,5,0,0,0,0,0
Kelvin Gutiérrez,2020,25,KCR,AL,-0.1,4,12,9,0,1,0,0,0,0,0,0,3,6,0.111,0.333,0.111,0.444,29.0,0.25,45.0,1,0,0,0,0,0
Derek Hill,2020,24,DET,AL,-0.2,15,12,11,3,1,0,0,0,0,0,0,1,6,0.091,0.167,0.091,0.258,-26.0,0.133,-33.0,1,0,0,0,0,0
Ryan Lavarnway,2020,32,MIA,NL,0.0,5,11,11,0,4,0,0,0,0,0,0,0,2,0.364,0.364,0.364,0.727,98.0,0.327,99.0,4,0,0,0,0,0
Dawel Lugo,2020,25,DET,AL,-0.1,9,11,10,3,2,0,0,0,1,0,0,1,1,0.2,0.273,0.2,0.473,34.0,0.218,26.0,2,1,0,0,0,0
Jason Martin*,2020,24,PIT,NL,-0.2,7,11,9,2,0,0,0,0,0,0,0,2,4,0.0,0.182,0.0,0.182,-44.0,0.128,-38.0,0,0,0,0,0,0
César Puello,2020,29,BOS,AL,0.2,5,11,8,1,3,0,0,0,0,0,0,2,2,0.375,0.5,0.375,0.875,140.0,0.409,157.0,3,0,0,1,0,0
Harold Ramírez,2020,25,MIA,NL,-0.1,3,11,10,2,2,0,0,0,1,0,1,1,2,0.2,0.273,0.2,0.473,31.0,0.181,29.0,2,0,0,0,0,0
Matt Reynolds,2020,29,KCR,AL,-0.2,3,11,11,1,0,0,0,0,0,0,0,0,7,0.0,0.0,0.0,0.0,-100.0,0.0,-130.0,0,0,0,0,0,0
William Contreras,2020,22,ATL,NL,0.1,4,10,10,0,4,1,0,0,1,0,0,0,4,0.4,0.4,0.5,0.9,136.0,0.393,139.0,5,0,0,0,0,0
Ryan Goins*,2020,32,CHW,AL,-0.2,14,10,9,4,0,0,0,0,0,0,0,1,1,0.0,0.1,0.0,0.1,-69.0,0.07,-79.0,0,0,0,0,0,0
Michael Hermosillo,2020,25,LAA,AL,0.0,7,10,8,0,2,0,0,0,2,1,0,1,1,0.25,0.3,0.25,0.55,54.0,0.264,40.0,2,0,0,0,1,0
Joe McCarthy*,2020,26,SFG,NL,-0.4,4,10,10,0,0,0,0,0,0,0,0,0,5,0.0,0.0,0.0,0.0,-100.0,0.0,-123.0,0,0,0,0,0,0
Ali Sánchez,2020,23,NYM,NL,-0.1,5,10,9,0,1,0,0,0,0,0,0,1,3,0.111,0.2,0.111,0.311,-10.0,0.16,-12.0,1,2,0,0,0,0
Garrett Stubbs*,2020,27,HOU,AL,-0.2,14,10,8,1,1,0,0,0,1,0,1,0,0,0.125,0.111,0.125,0.236,-35.0,0.043,-76.0,1,0,0,1,1,0
Yordan Alvarez*,2020,23,HOU,AL,0.1,2,9,8,2,2,0,0,1,4,0,0,0,1,0.25,0.333,0.625,0.958,153.0,0.4,151.0,5,1,1,0,0,0
Caleb Joseph,2020,34,TOR,AL,0.0,3,9,8,2,1,0,0,1,2,0,0,1,1,0.125,0.222,0.5,0.722,90.0,0.297,81.0,4,0,0,0,0,0
Rafael Marchán#,2020,21,PHI,NL,0.2,3,9,8,3,4,0,0,1,3,0,0,1,2,0.5,0.556,0.875,1.431,279.0,0.596,286.0,7,0,0,0,0,0
Ryan Cordell,2020,28,NYM,NL,-0.1,5,8,8,0,1,0,0,0,0,1,0,0,3,0.125,0.125,0.125,0.25,-30.0,0.142,-45.0,1,0,0,0,0,0
Keibert Ruiz#,2020,21,LAD,NL,0.1,2,8,8,1,2,0,0,1,1,0,0,0,3,0.25,0.25,0.625,0.875,126.0,0.358,120.0,5,0,0,0,0,0
Charlie Culberson,2020,31,ATL,NL,-0.1,9,7,7,2,1,1,0,0,1,0,0,0,4,0.143,0.143,0.286,0.429,9.0,0.176,-11.0,2,0,0,0,0,0
Austin Dean,2020,26,STL,NL,0.0,3,7,4,1,1,1,0,0,0,0,0,3,2,0.25,0.571,0.5,1.071,202.0,0.478,209.0,2,0,0,0,0,0
Adolis García,2020,27,TEX,AL,0.0,3,7,6,0,0,0,0,0,0,0,0,1,4,0.0,0.143,0.0,0.143,-55.0,0.1,-55.0,0,0,0,0,0,0
Ryon Healy,2020,28,MIL,NL,-0.1,4,7,7,0,1,0,0,0,0,0,0,0,2,0.143,0.143,0.143,0.286,-23.0,0.115,-51.0,1,0,0,0,0,0
Alex Jackson,2020,24,ATL,NL,0.0,5,7,7,0,2,1,0,0,0,0,0,0,4,0.286,0.286,0.429,0.714,85.0,0.305,77.0,3,1,0,0,0,0
Jahmai Jones,2020,22,LAA,AL,0.1,3,7,7,2,3,0,0,0,1,0,0,0,2,0.429,0.429,0.429,0.857,137.0,0.513,231.0,3,0,0,0,0,0
Zach McKinstry*,2020,25,LAD,NL,0.0,4,7,7,1,2,1,0,0,0,0,0,0,3,0.286,0.286,0.429,0.714,90.0,0.292,75.0,3,1,0,0,0,0
Nate Orf,2020,30,OAK,AL,-0.3,6,7,7,1,0,0,0,0,0,0,0,0,1,0.0,0.0,0.0,0.0,-100.0,0.0,-122.0,0,0,0,0,0,0
Elliot Soto,2020,30,LAA,AL,0.1,3,7,6,2,2,1,0,0,0,0,0,1,1,0.333,0.429,0.5,0.929,154.0,0.405,155.0,3,0,0,0,0,0
Ronald Torreyes,2020,27,PHI,NL,-0.1,4,7,7,1,1,1,0,0,0,0,0,0,0,0.143,0.143,0.286,0.429,12.0,0.176,-6.0,2,1,0,0,0,0
José Briceño,2020,27,LAA,AL,0.0,2,6,5,0,1,0,0,0,0,0,0,1,1,0.2,0.333,0.2,0.533,52.0,0.266,59.0,1,0,0,0,0,0
Dilson Herrera,2020,26,BAL,AL,0.0,3,6,5,0,0,0,0,0,0,0,0,0,4,0.0,0.167,0.0,0.167,-48.0,0.121,-44.0,0,0,1,0,0,0
Hernán Pérez,2020,29,CHC,NL,-0.1,3,6,6,0,1,0,0,0,0,0,0,0,2,0.167,0.167,0.167,0.333,-9.0,0.15,-26.0,1,0,0,0,0,0
Joey Rickard,2020,29,SFG,NL,-0.1,4,6,5,1,0,0,0,0,0,0,0,1,1,0.0,0.167,0.0,0.167,-48.0,0.117,-42.0,0,0,0,0,0,0
Justin Williams*,2020,24,STL,NL,0.0,3,6,5,0,1,0,0,0,0,0,0,1,2,0.2,0.333,0.2,0.533,54.0,0.267,64.0,1,0,0,0,0,0
Seth Brown*,2020,27,OAK,AL,-0.1,7,5,5,0,0,0,0,0,0,0,0,0,2,0.0,0.0,0.0,0.0,-100.0,0.0,-121.0,0,0,0,0,0,0
Brian Navarreto,2020,25,MIA,NL,0.0,2,5,5,0,2,0,0,0,0,0,0,0,1,0.4,0.4,0.4,0.8,118.0,0.36,121.0,2,0,0,0,0,0
Brian O'Grady*,2020,28,TBR,AL,0.1,2,5,5,2,2,1,0,0,0,1,0,0,1,0.4,0.4,0.6,1.0,178.0,0.474,179.0,3,0,0,0,0,0
Yadiel Rivera,2020,28,TEX,AL,0.0,4,5,5,0,0,0,0,0,0,1,0,0,1,0.0,0.0,0.0,0.0,-100.0,0.227,2.0,0,0,0,0,0,0
Travis Blankenhorn*,2020,23,MIN,AL,-0.1,1,4,3,0,1,1,0,0,0,0,0,0,0,0.333,0.5,0.667,1.167,221.0,0.491,218.0,2,0,1,0,0,0
Luis Campusano,2020,21,SDP,NL,0.1,1,4,3,2,1,0,0,1,1,0,0,0,2,0.333,0.5,1.333,1.833,385.0,0.673,349.0,4,0,1,0,0,0
Will Craig,2020,25,PIT,NL,-0.1,2,4,4,0,0,0,0,0,0,0,0,0,1,0.0,0.0,0.0,0.0,-100.0,0.0,-129.0,0,0,0,0,0,0
Deivy Grullón,2020,24,BOS,AL,-0.1,1,4,3,0,1,0,0,0,1,0,0,1,1,0.333,0.5,0.333,0.833,130.0,0.399,145.0,1,0,0,0,0,0
Óscar Hernández,2020,26,KCR,AL,0.0,4,4,4,1,2,0,0,0,0,0,0,0,1,0.5,0.5,0.5,1.0,173.0,0.449,182.0,2,1,0,0,0,0
John Nogowski,2020,27,STL,NL,-0.1,1,4,4,0,1,0,0,0,0,0,0,0,1,0.25,0.25,0.25,0.5,40.0,0.225,33.0,1,0,0,0,0,0
Cristian Pache,2020,21,ATL,NL,-0.1,2,4,4,0,1,0,0,0,0,0,0,0,2,0.25,0.25,0.25,0.5,33.0,0.225,20.0,1,0,0,0,0,0
René Rivera,2020,36,NYM,NL,0.1,2,4,4,0,1,0,0,0,0,0,0,0,3,0.25,0.25,0.25,0.5,39.0,0.225,33.0,1,0,0,0,0,0
Andrew Romine#,2020,34,TEX,AL,0.0,2,4,4,1,1,1,0,0,0,0,0,0,1,0.25,0.25,0.5,0.75,100.0,0.309,90.0,2,0,0,0,0,0
Andrew Susac,2020,30,PIT,NL,0.0,1,4,2,0,0,0,0,0,0,0,0,2,0,0.0,0.5,0.0,0.5,55.0,0.352,118.0,0,0,0,0,0,0
Emilio Bonifácio#,2020,35,WSN,NL,-0.1,3,3,3,1,0,0,0,0,0,0,1,0,2,0.0,0.0,0.0,0.0,-100.0,-0.171,-127.0,0,0,0,0,0,0
Rob Brantly*,2020,30,SFG,NL,-0.1,1,3,3,0,0,0,0,0,0,0,0,0,0,0.0,0.0,0.0,0.0,-100.0,0.0,-124.0,0,0,0,0,0,0
Estevan Florial*,2020,22,NYY,AL,0.0,1,3,3,0,1,0,0,0,0,0,0,0,2,0.333,0.333,0.333,0.667,87.0,0.299,86.0,1,0,0,0,0,0
Billy McKinney*,2020,25,TOR,AL,0.1,2,3,3,1,2,0,0,0,0,0,0,0,0,0.667,0.667,0.667,1.333,270.0,0.598,294.0,2,0,0,0,0,0
Luis González*,2020,24,CHW,AL,0.0,3,2,1,1,0,0,0,0,0,0,0,0,1,0.0,0.5,0.0,0.5,57.0,0.364,129.0,0,0,1,0,0,0
Eduardo Núñez,2020,33,NYM,NL,0.0,2,2,2,0,1,0,0,0,0,1,0,0,0,0.5,0.5,0.5,1.0,178.0,0.521,156.0,1,0,0,0,0,0
Patrick Wisdom,2020,28,CHC,NL,-0.1,2,2,2,0,0,0,0,0,0,0,0,0,0,0.0,0.0,0.0,0.0,-100.0,0.0,-128.0,0,0,0,0,0,0
Austin Adams,2020,29,SDP,NL,0.0,1,1,1,0,0,0,0,0,0,0,0,0,1,0.0,0.0,0.0,0.0,-100.0,0.0,-125.0,0,0,0,0,0,0
Cheslor Cuthbert,2020,27,CHW,AL,0.0,1,1,1,0,0,0,0,0,0,0,0,0,0,0.0,0.0,0.0,0.0,-100.0,0.0,-125.0,0,0,0,0,0,0
Tim Hill,2020,30,SDP,NL,0.0,1,1,1,0,0,0,0,0,0,0,0,0,1,0.0,0.0,0.0,0.0,-100.0,0.0,-125.0,0,0,0,0,0,0
Michael Lorenzen,2020,28,CIN,NL,0.0,6,1,0,2,0,0,0,0,0,0,0,0,0,,1.0,,,,0.734,383.0,0,0,1,0,0,0
Yermín Mercedes,2020,27,CHW,AL,0.0,1,1,1,0,0,0,0,0,0,0,0,0,0,0.0,0.0,0.0,0.0,-100.0,0.0,-125.0,0,0,0,0,0,0
Alec Mills,2020,28,CHC,NL,0.0,1,1,1,0,0,0,0,0,0,0,0,0,1,0.0,0.0,0.0,0.0,-100.0,0.0,-133.0,0,0,0,0,0,0
Scott Schebler*,2020,29,ATL,NL,0.0,1,1,1,0,0,0,0,0,0,0,0,0,0,0.0,0.0,0.0,0.0,-100.0,0.0,-142.0,0,0,0,0,0,0
Aaron Whitefield,2020,23,MIN,AL,0.1,3,1,1,1,0,0,0,0,0,0,0,0,0,0.0,0.0,0.0,0.0,-100.0,0.0,-125.0,0,0,0,0,0,0
Dan Altavilla,2020,27,SEA,AL,0.0,1,0,0,0,0,0,0,0,0,0,0,0,0,,,,,,,,0,0,0,0,0,0
Cam Bedrosian,2020,28,LAA,AL,0.0,1,0,0,0,0,0,0,0,0,0,0,0,0,,,,,,,,0,0,0,0,0,0
Ryan Brasier,2020,32,BOS,AL,0.0,1,0,0,0,0,0,0,0,0,0,0,0,0,,,,,,,,0,0,0,0,0,0
Austin Davis*,2020,27,PHI,NL,0.0,1,0,0,0,0,0,0,0,0,0,0,0,0,,,,,,,,0,0,0,0,0,0
Seth Elledge,2020,24,STL,NL,0.0,1,0,0,0,0,0,0,0,0,0,0,0,0,,,,,,,,0,0,0,0,0,0
Matt Foster,2020,25,CHW,AL,0.0,1,0,0,0,0,0,0,0,0,0,0,0,0,,,,,,,,0,0,0,0,0,0
Tony Gonsolin,2020,26,LAD,NL,0.0,1,0,0,0,0,0,0,0,0,0,0,0,0,,,,,,,,0,0,0,0,0,0
Terrance Gore,2020,29,LAD,NL,0.0,2,0,0,0,0,0,0,0,0,0,0,0,0,,,,,,,,0,0,0,0,0,0
Chad Green*,2020,29,NYY,AL,0.0,1,0,0,0,0,0,0,0,0,0,0,0,0,,,,,,,,0,0,0,0,0,0
Josh Hader*,2020,26,MIL,NL,0.0,1,0,0,0,0,0,0,0,0,0,0,0,0,,,,,,,,0,0,0,0,0,0
Kyle Hendricks,2020,30,CHC,NL,0.0,1,0,0,0,0,0,0,0,0,0,0,0,0,,,,,,,,0,0,0,0,0,0
Jonathan Holder,2020,27,NYY,AL,0.0,1,0,0,1,0,0,0,0,0,0,0,0,0,,,,,,,,0,0,0,0,0,0
Raisel Iglesias,2020,30,CIN,NL,0.0,1,0,0,0,0,0,0,0,0,0,0,0,0,,,,,,,,0,0,0,0,0,0
Jeremy Jeffress,2020,32,CHC,NL,0.0,2,0,0,0,0,0,0,0,0,0,0,0,0,,,,,,,,0,0,0,0,0,0
Trevor Kelley,2020,27,PHI,NL,0.0,1,0,0,0,0,0,0,0,0,0,0,0,0,,,,,,,,0,0,0,0,0,0
Craig Kimbrel,2020,32,CHC,NL,0.0,3,0,0,0,0,0,0,0,0,0,0,0,0,,,,,,,,0,0,0,0,0,0
Adam Kolarek*,2020,31,LAD,NL,0.0,1,0,0,0,0,0,0,0,0,0,0,0,0,,,,,,,,0,0,0,0,0,0
Juan Lagares,2020,31,NYM,NL,0.1,2,0,0,0,0,0,0,0,0,0,0,0,0,,,,,,,,0,0,0,0,0,0
Travis Lakins Sr.,2020,26,BAL,AL,0.0,1,0,0,1,0,0,0,0,0,0,0,0,0,,,,,,,,0,0,0,0,0,0
Jonathan Lucroy,2020,34,BOS,AL,0.0,1,0,0,0,0,0,0,0,0,0,0,0,0,,,,,,,,0,0,0,0,0,0
Mark Melancon,2020,35,ATL,NL,0.0,1,0,0,0,0,0,0,0,0,0,0,0,0,,,,,,,,0,0,0,0,0,0
Ian Miller*,2020,28,CHC,NL,,1,0,0,0,0,0,0,0,0,0,0,0,0,,,,,,,,0,0,0,0,0,0
Héctor Neris,2020,31,PHI,NL,0.0,1,0,0,0,0,0,0,0,0,0,0,0,0,,,,,,,,0,0,0,0,0,0
Aaron Nola,2020,27,PHI,NL,0.0,1,0,0,0,0,0,0,0,0,0,0,0,0,,,,,,,,0,0,0,0,0,0
Emilio Pagán*,2020,29,SDP,NL,0.0,1,0,0,0,0,0,0,0,0,0,0,0,0,,,,,,,,0,0,0,0,0,0
Blake Parker,2020,35,PHI,NL,0.0,1,0,0,0,0,0,0,0,0,0,0,0,0,,,,,,,,0,0,0,0,0,0
David Phelps,2020,33,MIL,NL,0.0,1,0,0,0,0,0,0,0,0,0,0,0,0,,,,,,,,0,0,0,0,0,0
Adam Plutko,2020,28,CLE,AL,0.0,1,0,0,0,0,0,0,0,0,0,0,0,0,,,,,,,,0,0,0,0,0,0
Trevor Rosenthal,2020,30,2TM,2LG,0.0,2,0,0,0,0,0,0,0,0,0,0,0,0,,,,,,,,0,0,0,0,0,0
Trevor Rosenthal,2020,30,KCR,AL,0.0,1,0,0,0,0,0,0,0,0,0,0,0,0,,,,,,,,0,0,0,0,0,0
Trevor Rosenthal,2020,30,SDP,NL,0.0,1,0,0,0,0,0,0,0,0,0,0,0,0,,,,,,,,0,0,0,0,0,0
José Ruiz,2020,25,CHW,AL,0.0,1,0,0,0,0,0,0,0,0,0,0,0,0,,,,,,,,0,0,0,0,0,0
Matt Strahm,2020,28,SDP,NL,0.0,1,0,0,0,0,0,0,0,0,0,0,0,0,,,,,,,,0,0,0,0,0,0
César Valdez,2020,35,BAL,AL,0.0,1,0,0,0,0,0,0,0,0,0,0,0,0,,,,,,,,0,0,0,0,0,0
Marcus Walden,2020,31,BOS,AL,0.0,1,0,0,0,0,0,0,0,0,0,0,0,0,,,,,,,,0,0,0,0,0,0
Rowan Wick*,2020,27,CHC,NL,0.0,1,0,0,0,0,0,0,0,0,0,0,0,0,,,,,,,,0,0,0,0,0,0
Taylor Williams#,2020,28,SEA,AL,0.0,1,0,0,0,0,0,0,0,0,0,0,0,0,,,,,,,,0,0,0,0,0,0
Dan Winkler,2020,30,CHC,NL,0.0,3,0,0,0,0,0,0,0,0,0,0,0,0,,,,,,,,0,0,0,0,0,0
Jake Woodford,2020,23,STL,NL,0.0,1,0,0,0,0,0,0,0,0,0,0,0,0,,,,,,,,0,0,0,0,0,0
